<?xml version="1.0" encoding="UTF-8"?>
<config xmlns="http://www.knime.org/2008/09/XMLConfig" xmlns:xsi="http://www.w3.org/2001/XMLSchema-instance" xsi:schemaLocation="http://www.knime.org/2008/09/XMLConfig http://www.knime.org/XMLConfig_2008_09.xsd" key="model.xml">
    <entry key="version" type="xint" value="1"/>
    <entry key="class_name" type="xstring" value="org.knime.filehandling.core.port.FileSystemPortObjectSpec"/>
    <config key="model">
        <entry key="fileSystemName" type="xstring" value="Google Drive"/>
        <entry key="fileSystemId" type="xstring" value="036b796b-c89c-4ffd-af3e-0c6c35139213"/>
        <config key="fsLocationSpec">
            <entry key="fs_category" type="xstring" value="CONNECTED"/>
            <entry key="fs_specifier" type="xstring" value="google-drive"/>
        </config>
    </config>
</config>
