<?xml version="1.0" encoding="UTF-8"?>
<config xmlns="http://www.knime.org/2008/09/XMLConfig" xmlns:xsi="http://www.w3.org/2001/XMLSchema-instance" xsi:schemaLocation="http://www.knime.org/2008/09/XMLConfig http://www.knime.org/XMLConfig_2008_09.xsd" key="model.xml">
    <entry key="version" type="xint" value="1"/>
    <entry key="class_name" type="xstring" value="org.knime.filehandling.core.port.FileSystemPortObjectSpec"/>
    <config key="model">
        <entry key="fileSystemName" type="xstring" value="Local File System"/>
        <entry key="fileSystemId" type="xstring" value="28db38dc-a6f9-4846-ac83-57bd86e31f47"/>
        <config key="fsLocationSpec">
            <entry key="fs_category" type="xstring" value="CONNECTED"/>
            <entry key="fs_specifier" type="xstring" value="local"/>
        </config>
    </config>
</config>
