,t,L2NormState,Absu1,Absu2,Absu3
0,0.01,5.399512352550874,0.018434468656778336,0.014247279614210129,0.044240087270736694
1,0.02,4.867059424148989,0.020359125803224742,0.01730750035494566,0.09410922974348068
2,0.03,4.464524502456936,0.009476916049607098,0.012023526709526777,0.13388220593333244
3,0.04,4.148061924603032,0.01719728938769549,0.029496570583432913,0.1723942756652832
4,0.05,3.891872101695793,0.016548657789826393,0.039048423524945974,0.22146912664175034
5,0.060000000000000005,3.67965554415924,0.011929287575185299,0.044701894745230675,0.27093325182795525
6,0.07,3.500596633959576,0.0061371540650725365,0.039695370476692915,0.31728558242321014
7,0.08,3.3472149792302925,0.002583831548690796,0.048435423988848925,0.3657371588051319
8,0.09,3.214149164010512,0.044484272599220276,0.033968786243349314,0.3744152598083019
9,0.09999999999999999,3.0974618402657814,0.08349582180380821,0.009470088873058558,0.3938552215695381
10,0.10999999999999999,2.9941623039821166,0.1258551962673664,0.01671189395710826,0.3893621885217726
11,0.11999999999999998,2.9019816507078406,0.08305980265140533,0.007044164929538965,0.3995702522806823
12,0.12999999999999998,2.819176723201907,0.12704692780971527,0.01638314640149474,0.39553370140492916
13,0.13999999999999999,2.7443266451773103,0.08464276790618896,0.0072477818466722965,0.40751146525144577
14,0.15,2.676244070024373,0.11628125980496407,0.02913162251934409,0.3942621583119035
15,0.16,2.6140960438297394,0.07795663550496101,0.001412330660969019,0.4041762799024582
16,0.17,2.5572437596230153,0.12559738010168076,0.015764675568789244,0.40911279059946537
17,0.18000000000000002,2.5048918639674413,0.08162319287657738,0.0314804813824594,0.42698131315410137
18,0.19000000000000003,2.456522425821416,0.1199437789618969,0.0005516284145414829,0.42932145250961185
19,0.20000000000000004,2.411699936243886,0.07912731543183327,0.014797320123761892,0.45378418592736125
20,0.21000000000000005,2.370088063950569,0.12678956240415573,0.00011946959421038628,0.45137598155997694
21,0.22000000000000006,2.331314492588037,0.08533312380313873,0.021195793990045786,0.46945976256392896
22,0.23000000000000007,2.2950906962251003,0.12598200887441635,0.007897015195339918,0.4683302908670157
23,0.24000000000000007,2.261202266284906,0.08817717805504799,0.0202692118473351,0.48498737695626915
24,0.25000000000000006,2.2294039760496625,0.12859832867980003,0.009153043385595083,0.4843081957078539
25,0.26000000000000006,2.199539641026453,0.0907851904630661,0.018745882902294397,0.5013908272958361
26,0.2700000000000001,2.1714717829551793,0.13941676542162895,0.008099670987576246,0.49674027966102585
27,0.2800000000000001,2.144941089759412,0.09337876737117767,0.010255282744765282,0.5161272733821534
28,0.2900000000000001,2.1198864621244042,0.13597392663359642,0.015927936881780624,0.5158256510039791
29,0.3000000000000001,2.096206199119328,0.09770076349377632,0.01114429160952568,0.5332112530013546
30,0.3100000000000001,2.0737905477121266,0.14060188829898834,0.014377953484654427,0.5360586404567584
31,0.3200000000000001,2.0525553544876227,0.10314350947737694,0.014498276636004448,0.5522769357776269
32,0.3300000000000001,2.0323948842477892,0.14243502542376518,0.015648256987333298,0.5591590175172314
33,0.34000000000000014,2.0132557462564358,0.10515836253762245,0.01336374506354332,0.575552731170319
34,0.35000000000000014,1.995041261228078,0.14563269168138504,0.015907378867268562,0.5777955170487985
35,0.36000000000000015,1.977717083552705,0.10836499556899071,0.01292002759873867,0.5945316742872819
36,0.37000000000000016,1.9611824793851027,0.14326129481196404,0.022054245695471764,0.6022159414133057
37,0.38000000000000017,1.945431173973567,0.10612042248249054,0.006394905969500542,0.6198568226536736
38,0.3900000000000002,1.9303719280144385,0.13979359343647957,0.029120733961462975,0.6300918528577313
39,0.4000000000000002,1.9160156643315032,0.10480964556336403,0.0029638465493917465,0.6457986248424277
40,0.4100000000000002,1.9021952259235586,0.08260134235024452,0.031136346980929375,0.6748497294029221
41,0.4200000000000002,1.889126806609594,0.08270676856045611,0.013320567086338997,0.6977313937386498
42,0.4300000000000002,1.8765785484240023,0.1157515165687073,0.023749912157654762,0.7035472131101415
43,0.4400000000000002,1.8647346824126552,0.14145234090392478,0.01720845140516758,0.7162703954381868
44,0.45000000000000023,1.8533283494293336,0.14754117795382626,0.02345345728099346,0.7447227042866871
45,0.46000000000000024,1.8425393143489934,0.14758119014368276,0.023366859182715416,0.7622685105307028
46,0.47000000000000025,1.8321405937278912,0.15666898646668415,0.016853628680109978,0.7905478876782581
47,0.48000000000000026,1.8223091223994288,0.15694669629374403,0.029858244583010674,0.8083782669855282
48,0.49000000000000027,1.8127761124479773,0.16493607121446985,0.01657579280436039,0.8251129210693762
49,0.5000000000000002,1.8037674803249548,0.16455951482566888,0.029788604006171227,0.84382654807996
50,0.5100000000000002,1.7950184430725293,0.17203619666906889,0.016498876735568047,0.8611922365380451
51,0.5200000000000002,1.786757098061046,0.1714866075599275,0.029558205977082253,0.8806458179606125
52,0.5300000000000002,1.778764844565776,0.17898362390042166,0.010245131328701973,0.9099628337426111
53,0.5400000000000003,1.7712239894423893,0.17829540044112946,0.017325734719634056,0.9516686022980139
54,0.5500000000000003,1.7638965127104076,0.1613285247985914,0.015727723017334938,0.9851289101643488
55,0.5600000000000003,1.756993268408273,0.16096360511073726,0.03041171468794346,1.0043907304061577
56,0.5700000000000003,1.7502572163906223,0.16800723266715067,0.01560121588408947,1.0226443865103647
57,0.5800000000000003,1.7439457536787586,0.20159083274120349,0.019166944548487663,1.0354238738073036
58,0.5900000000000003,1.7378153870570645,0.20745996567347902,0.020902378484606743,1.0647496402962133
59,0.6000000000000003,1.7320575831059166,0.20534837124796468,0.024189913645386696,1.0862490542931482
60,0.6100000000000003,1.7264417828409337,0.18448100117893773,0.005610529333353043,1.120548975537531
61,0.6200000000000003,1.7210928056811576,0.18192216074021417,0.013801557943224907,1.169807028840296
62,0.6300000000000003,1.7159249764660227,0.14005425264986116,0.0039220452308654785,1.1906144981039688
63,0.6400000000000003,1.7108707033534325,0.15479167243393022,0.040688998997211456,1.2077218581689522
64,0.6500000000000004,1.706100792478049,0.1374340138390835,0.0024794265627861023,1.2260302592767403
65,0.6600000000000004,1.7014520442105345,0.15556513769479352,0.039286963641643524,1.246690119500272
66,0.6700000000000004,1.6970728992954824,0.13839322021158296,0.003892499953508377,1.2651470497949049
67,0.6800000000000004,1.69280817977695,0.15717578558178502,0.03678346797823906,1.2873434358043596
68,0.6900000000000004,1.6888036952404246,0.14121851017625886,0.006389971822500229,1.3068733651889488
69,0.7000000000000004,1.6849008922732605,0.15970701416881639,0.03415188938379288,1.3295566429151222
70,0.7100000000000004,1.6812440916992255,0.14217363176794606,0.0058818720281124115,1.3538440157426521
71,0.7200000000000004,1.6776751506973075,0.1603752343908127,0.03485504910349846,1.3764095538062975
72,0.7300000000000004,1.674341783002,0.1432127214029606,0.005010012537240982,1.401233407552354
73,0.7400000000000004,1.6710849679710467,0.1678169376209553,0.03534962609410286,1.4175346706761047
74,0.7500000000000004,1.6680519350389151,0.15028669191451627,0.003987424075603485,1.442937143961899
75,0.7600000000000005,1.6650855308736703,0.17448683893235284,0.03638588637113571,1.4597997412784025
76,0.7700000000000005,1.6623216997045718,0.15375227918775636,0.0016269125044345856,1.4848018129123375
77,0.7800000000000005,1.659603374218879,0.1759463015005167,0.0404243990778923,1.5002650468377396
78,0.7900000000000005,1.6570845027999397,0.15663444874735433,0.002151813358068466,1.5259994621155784
79,0.8000000000000005,1.6546863452305407,0.19030744461269933,0.029919330030679703,1.550393987330608
80,0.8100000000000005,1.6524741239045717,0.17005583895297605,0.007347617298364639,1.5768712459830567
81,0.8200000000000005,1.65029346496365,0.19205135544689256,0.034241802990436554,1.5937980356393382
82,0.8300000000000005,1.6482925675075764,0.17207017419787007,0.002980731427669525,1.6205418872414157
83,0.8400000000000005,1.646317780766045,0.19416403463037568,0.03842448070645332,1.637789154308848
84,0.8500000000000005,1.6445168902393752,0.1744181185022171,0.0012622103095054626,1.6647903154371306
85,0.8600000000000005,1.642813534419103,0.2069106555536564,0.029219774529337883,1.6905314828036353
86,0.8700000000000006,1.6412732398383272,0.18651047786624986,0.0071448106318712234,1.7181258293567225
87,0.8800000000000006,1.6397442524195496,0.2080194286063488,0.034331826493144035,1.7359317856607959
88,0.8900000000000006,1.6383738895931597,0.1879485442295845,0.002080237492918968,1.763704430195503
89,0.9000000000000006,1.6370109041473124,0.2096200759515341,0.039199696853756905,1.7817684820620343
90,0.9100000000000006,1.6358022222129116,0.18983140839191037,0.0027716103941202164,1.8097220453200862
91,0.9200000000000006,1.634678700384269,0.1823456014499243,0.016803612001240253,1.8571252356050536
92,0.9300000000000006,1.6336424695259335,0.21588182328196126,0.042241440154612064,1.8841110969660804
93,0.9400000000000006,1.6327513733054633,0.19658930664809304,0.005672377534210682,1.912226943182759
94,0.9500000000000006,1.6319381495460823,0.189769844244438,0.019356541335582733,1.959831932443194
95,0.9600000000000006,1.6312029562779822,0.22343353060932714,0.04457045905292034,1.9868691841838881
96,0.9700000000000006,1.6306040258687358,0.20446405997427064,0.007989181205630302,2.0151882151840255
97,0.9800000000000006,1.6300889090793227,0.19791759429426747,0.017225712537765503,2.0638896169839427
98,0.9900000000000007,1.6296412525330357,0.23146647838802892,0.04262225329875946,2.090898614260368
99,1.0000000000000007,1.6293210374616545,0.21268250858338433,0.0062126293778419495,2.119560437160544
100,1.0100000000000007,1.6290755402447592,0.20660285903068143,0.0159180061891675,2.168231168645434
101,1.0200000000000007,1.6288881541237616,0.24000982819052297,0.041433230973780155,2.1953041347442195
102,1.0300000000000007,1.6288200528720866,0.22136640241296845,0.005205960012972355,2.2242869845358655
103,1.0400000000000007,1.6288054537984509,0.21571061871873098,0.01928233914077282,2.2719300686148927
104,1.0500000000000007,1.6288456041074266,0.21254905005844194,0.03398094978183508,2.3196160345105454
105,1.0600000000000007,1.6289451540708824,0.2099414108779456,0.04697465989738703,2.3678276463178918
106,1.0700000000000007,1.6291949210136913,0.20747758047582465,0.018295898102223873,2.4087110719410703
107,1.0800000000000007,1.6294864842470185,0.24161247508527595,0.04343054536730051,2.4352262838510796
108,1.0900000000000007,1.6298848090722575,0.22430242383779841,0.006949377246201038,2.4647133032558486
109,1.1000000000000008,1.6303172754662878,0.25742843532862025,0.032960022799670696,2.4916597640840337
110,1.1100000000000008,1.630781630852885,0.2289020379066642,0.024492720142006874,2.531841181102209
111,1.1200000000000008,1.6312713968116705,0.22449788050653297,0.042322348803281784,2.5783460586098954
112,1.1300000000000008,1.631792334233064,0.22053436022179085,0.05837089195847511,2.625534303369932
113,1.1400000000000008,1.6324497320464666,0.21887965390851605,0.029987040907144547,2.6666635571746156
114,1.1500000000000008,1.633127217298147,0.25229035580923664,0.05663422495126724,2.6926183159230277
115,1.1600000000000008,1.633930837987381,0.24838562433069455,0.028706351295113564,2.733907332527451
116,1.1700000000000008,1.6347494234141724,0.2438863267416309,0.04612669534981251,2.780557984369807
117,1.1800000000000008,1.635588166108062,0.23979381082972395,0.0619676448404789,2.8278053196845576
118,1.1900000000000008,1.6365506264581071,0.2379651937626477,0.03397073410451412,2.8691916110692546
119,1.2000000000000008,1.6375223284015261,0.2711799155913468,0.060517746955156326,2.8954981750575826
120,1.2100000000000009,1.6386086611247572,0.26730335079992074,0.03292667679488659,2.93701565254014
121,1.2200000000000009,1.6397008529529495,0.26273582172507304,0.05002466216683388,2.9837788006989285
122,1.2300000000000009,1.640803654158989,0.2585507696021523,0.0657048337161541,3.0310716367093846
123,1.2400000000000009,1.6420190483189336,0.25658899401241797,0.03806344233453274,3.0726901477901265
124,1.2500000000000009,1.6432380993579372,0.2539915823836054,0.055408213287591934,3.119513295474462
125,1.260000000000001,1.6443917953599032,0.218984832008573,0.06252260785549879,3.154497709008865
126,1.270000000000001,1.6456074646084544,0.20731856017300743,0.05123730096966028,3.201789718004875
127,1.280000000000001,1.6466944651649131,0.16005687131473678,0.054439806612208486,3.217792052659206
128,1.290000000000001,1.6476448165861766,0.11723125069329399,0.07021373813040555,3.238216239842586
129,1.300000000000001,1.6484840102306058,0.07214129432031768,0.07640306535176933,3.2589185422984883
130,1.310000000000001,1.6491979629128595,0.028231796761247097,0.08960783085785806,3.278858160483651
131,1.320000000000001,1.6497925678433263,0.015316615859774174,0.10301843262277544,3.2994418720481917
132,1.330000000000001,1.6503350772696397,0.03494121418407303,0.12801087438128889,3.3380456062732264
133,1.340000000000001,1.650833106600232,0.05394400567820412,0.15181462257169187,3.377697469550185
134,1.350000000000001,1.6512554366037013,0.06358907469621045,0.18820452480576932,3.410602534073405
135,1.360000000000001,1.6516092297348026,0.07343604140987736,0.2234497198369354,3.444673182326369
136,1.370000000000001,1.6519016785470262,0.08344452180972439,0.25748327164910734,3.4799087214050815
137,1.380000000000001,1.6521619324874646,0.09853926771393162,0.2822954428847879,3.520608832943253
138,1.390000000000001,1.6524776181678391,0.10904942457636935,0.28466241899877787,3.5694343129871413
139,1.400000000000001,1.6528471213693456,0.11873158630987746,0.28735597734339535,3.6184138412354514
140,1.410000000000001,1.6532687934488524,0.12768209450950962,0.29032300715334713,3.6675165760098025
141,1.420000000000001,1.6537078955136335,0.13233630224203807,0.3069166981149465,3.7144525105832145
142,1.430000000000001,1.6541992487972834,0.14058597437178832,0.308930357452482,3.7637260461924598
143,1.440000000000001,1.6547078436585205,0.14470840063950163,0.3247523973695934,3.8109770993469283
144,1.450000000000001,1.6552679817991067,0.1523710182409559,0.32603099604602903,3.860369840520434
145,1.460000000000001,1.6558542313900975,0.14769167131817085,0.34298524109181017,3.907174231368117
146,1.470000000000001,1.6564897832621541,0.1555200010079716,0.34340305102523416,3.9565557705936953
147,1.480000000000001,1.6571400177404079,0.15938239246679586,0.3578612603014335,4.004263589042239
148,1.490000000000001,1.6578380599463451,0.16668591816051048,0.35790734626425547,4.053727203863673
149,1.500000000000001,1.6585589934942542,0.16182152908368153,0.37371960543168825,4.100910926121287
150,1.5100000000000011,1.6593250577883043,0.16930018393395585,0.3732040162321937,4.15034569974523
151,1.5200000000000011,1.6601119266685793,0.16464612567870063,0.3884920376476657,4.197723006713204
152,1.5300000000000011,1.660941237709223,0.17224906692354125,0.38754632416021195,4.2471324558136985
153,1.5400000000000011,1.6617794890025461,0.1760336575571273,0.40070173050116864,4.295222012209706
154,1.5500000000000012,1.662686236222289,0.1701812823775981,0.39836294156339136,4.344823149847798
155,1.5600000000000012,1.6635982419343496,0.17435905295496923,0.41129847009506193,4.392939796554856
156,1.5700000000000012,1.6645164083739956,0.1785134952988301,0.42369190462704864,4.4412009249208495
157,1.5800000000000012,1.665518581270315,0.16873867535105092,0.41457562287178007,4.489381207036786
158,1.5900000000000012,1.6665539343217228,0.16804523083919776,0.4198097600492474,4.539101594942622
159,1.6000000000000012,1.667620678968722,0.16750234032588196,0.4249838432187971,4.588830133783631
160,1.6100000000000012,1.668717103067337,0.16709719335267437,0.43010455881085363,4.638565512257628
161,1.6200000000000012,1.6698415675788822,0.16681826456988347,0.43517763026829925,4.6883066351292655
162,1.6300000000000012,1.670992503259543,0.1666551715497917,0.44020814307805267,4.73805259342771
163,1.6400000000000012,1.6721684081729493,0.16659838674240746,0.44520053080123034,4.7878026271937415
164,1.6500000000000012,1.673367845418178,0.1666392008846742,0.4501585923026141,4.837556110578589
165,1.6600000000000013,1.6745894404031754,0.16676981612545205,0.4550856449532148,4.887312522041611
166,1.6700000000000013,1.675831878513252,0.16698311914660735,0.4599845702650782,4.937071421998553
167,1.6800000000000013,1.6770939029876148,0.16727244294452248,0.46485794939871994,4.986832445370965
168,1.6900000000000013,1.6783743127432122,0.16763180711859604,0.46970794302251306,5.036595297860913
169,1.7000000000000013,1.6796719602202206,0.1680557043509907,0.47453645289715496,5.086359729873948
170,1.7100000000000013,1.6809857492357918,0.16853909004566958,0.4793451595942315,5.1361255327938125
171,1.7200000000000013,1.682314632889671,0.16907746189826867,0.4841354852433142,5.185892546433024
172,1.7300000000000013,1.6836576120277684,0.16966640194732463,0.4889087076189753,5.235660632955842
173,1.7400000000000013,1.6850137330696453,0.17030212657846278,0.4936658465194341,5.285429684328847
174,1.7500000000000013,1.6863820862571943,0.1709809354142635,0.4984079077730712,5.335199599969201
175,1.7600000000000013,1.6877618039919902,0.1716995075912564,0.5031356848667201,5.384970316546969
176,1.7700000000000014,1.6891520591290456,0.17245477445976576,0.5078498660477635,5.434741781908087
177,1.7800000000000014,1.690552063452602,0.17324386946711456,0.5125510156976816,5.484513951349072
178,1.7900000000000014,1.6919610656309374,0.17406424288492417,0.5172397256719705,5.53428678389173
179,1.8000000000000014,1.6933783503709379,0.17491337269166252,0.5219163894544181,5.58406027208548
180,1.8100000000000014,1.6948032364238323,0.1757891046217992,0.5265813870246348,5.6338343935785815
181,1.8200000000000014,1.6962350755403928,0.17668926130136242,0.5312350354979571,5.6836091371951625
182,1.8300000000000014,1.6976732509127883,0.17761191506724572,0.5358776170651254,5.733384502935223
183,1.8400000000000014,1.699117176052183,0.17855522067839047,0.5405093314948317,5.783160494524054
184,1.8500000000000014,1.700566293327106,0.17951751566579333,0.5451303725021717,5.832937111961655
185,1.8600000000000014,1.702020072632375,0.18049729588528862,0.549740924489015,5.882714362698607
186,1.8700000000000014,1.7034780104803153,0.18149307913699886,0.5543410889695224,5.9324922504602
187,1.8800000000000014,1.7049396288741645,0.1825034219873487,0.5589310065734026,5.982270797598176
188,1.8900000000000015,1.7064044739637607,0.18352717716334155,0.5635107215384778,6.032050004112534
189,1.9000000000000015,1.70787211510793,0.184563121139945,0.5680803577306506,6.081829888629727
190,1.9100000000000015,1.709342144007312,0.18561009546829155,0.572639957525098,6.131610458600335
191,1.9200000000000015,1.71081417339664,0.18666717755695572,0.5771895805264649,6.181391728925519
192,1.9300000000000015,1.7122878367909895,0.1877332152434974,0.5817292155588802,6.2311737219570205
193,1.9400000000000015,1.7137627866210035,0.18880754286510637,0.5862589036005375,6.28095643396955
194,1.9500000000000015,1.7152386941816955,0.18988919789990177,0.590778645582759,6.3307398984907195
195,1.9600000000000015,1.716715248471313,0.19097736462572357,0.5952884633916256,6.3805241155205294
196,1.9700000000000015,1.7181921555225221,0.19207124245440355,0.5997883686686691,6.430309103685431
197,1.9800000000000015,1.7196772025096279,0.18573079184716335,0.6056768665912386,6.479554554331116
198,1.9900000000000015,1.721161757175768,0.1871254552024766,0.6100368285442528,6.529344478505664
199,2.0000000000000013,1.7226455747221592,0.18851029834331712,0.6143950172590849,6.579134831088595
200,2.010000000000001,1.7241365835529834,0.1824346516150399,0.6201513055602845,6.628429273026995
201,2.020000000000001,1.7256261014660714,0.18408599468966713,0.6243862686569628,6.678222132730298
202,2.0300000000000007,1.7271139308162617,0.18571479323873064,0.6286256550702092,6.728015357512049
203,2.0400000000000005,1.728608122567196,0.17985782850155374,0.6342709651107725,6.777349082636647
204,2.0500000000000003,1.7300999573237226,0.18172499801585218,0.6384003404418763,6.827143179136328
205,2.06,1.7315976025029576,0.1760858822017326,0.6439432855586347,6.876513885217719
206,2.07,1.7330922735057026,0.17816662982659182,0.6479749153259036,6.926307527231984
207,2.0799999999999996,1.7345922455984357,0.172721069851832,0.6534267496208486,6.975710088270716
208,2.0899999999999994,1.7360886768067207,0.17499366969423136,0.6573710786069569,7.0255023333011195
209,2.099999999999999,1.7375899415730776,0.16972028658346971,0.6627416415030893,7.074932461488061
210,2.109999999999999,1.7390871476079992,0.172165551535727,0.6666075852590438,7.124722672509961
211,2.1199999999999988,1.7405887605680388,0.16704523361840984,0.6719053452725348,7.1741767468629405
212,2.1299999999999986,1.7420944737682194,0.1621347221880569,0.6771124489496287,7.223661718773656
213,2.1399999999999983,1.7435952625209135,0.16493920081848046,0.6808212974465278,7.273444941150956
214,2.149999999999998,1.7450997794063483,0.160145301684679,0.6859728891759005,7.322947146254592
215,2.159999999999998,1.7466077371684432,0.1555429187937989,0.6910423084518698,7.3724760132608935
216,2.1699999999999977,1.7481188513376469,0.1511227603405132,0.696034309676179,7.422029329347424
217,2.1799999999999975,1.749632841796005,0.14687589261302492,0.7009532952106383,7.471605090308003
218,2.1899999999999973,1.751140424650978,0.1503376658874913,0.7043849611545738,7.52136680658441
219,2.199999999999997,1.7526506060319225,0.1461445298846229,0.7092783199514088,7.570949679124169
220,2.209999999999997,1.7541631291422424,0.14211171035276493,0.7141039995367464,7.620552478241734
221,2.2199999999999966,1.755648351166558,0.1435015363022103,0.7266014842207369,7.668945329147391
222,2.2299999999999964,1.7571370254427943,0.139643434980826,0.7310378784204659,7.718598341452889
223,2.239999999999996,1.7585995431691908,0.14123540833679726,0.7431730404387054,7.767077101278119
224,2.249999999999996,1.760037341029183,0.14285189049405744,0.7550011863822874,7.815630873548798
225,2.259999999999996,1.7614517605913167,0.1444892619838356,0.7665362814332184,7.864254398155026
226,2.2699999999999956,1.7629073275447023,0.13963266248902073,0.7522335899884638,7.911918146419339
227,2.2799999999999954,1.764338262260276,0.14134420509071788,0.7641876693705854,7.960437806206755
228,2.289999999999995,1.7657458529669507,0.14307259275665274,0.7758475039045152,8.009028417873196
229,2.299999999999995,1.767177885408887,0.13594624652614584,0.7735270222074178,8.058463392662816
230,2.3099999999999947,1.768586211904519,0.1379138652337133,0.7851120305604127,8.107062799739651
231,2.3199999999999945,1.7700186758600243,0.1309889282201766,0.782680019725376,8.156521031516604
232,2.3299999999999943,1.771427094694846,0.1331742535912781,0.7942012827734288,8.205126287299208
233,2.339999999999994,1.7728593700671647,0.12643000014213612,0.7916670716258523,8.25460434507113
234,2.349999999999994,1.7742672813494387,0.12881378010933986,0.8031343635993835,8.303213035571389
235,2.3599999999999937,1.7756987896488485,0.12223151019861689,0.8005061189069238,8.352708002435975
236,2.3699999999999934,1.777105634600864,0.12479627361608436,0.8119278561680403,8.401318201678805
237,2.3799999999999932,1.7785358370711928,0.11835918851284077,0.8092126806623128,8.450827566790394
238,2.389999999999993,1.7799410953492882,0.12108942327176919,0.820596264431515,8.49943770270329
239,2.399999999999993,1.7813694907296116,0.11478238432755461,0.8178003390676167,8.54895930539351
240,2.4099999999999926,1.7827726789852296,0.11766403211368015,0.8291522606632498,8.597568103927188
241,2.4199999999999924,1.7841988019443136,0.11147337729198625,0.8262811077183869,8.647100085276179
242,2.429999999999992,1.7855279957900054,0.11846220256848028,0.8557802790201094,8.686861151712947
243,2.439999999999992,1.7868940632388277,0.12105766424065223,0.8200946615434077,8.721786631154828
244,2.4499999999999917,1.788169118500643,0.12769040391867748,0.8499363248592999,8.761352633940987
245,2.4599999999999915,1.7894935811823425,0.12808944193966454,0.8212688600069669,8.802316082525067
246,2.4699999999999913,1.7907304254476963,0.13450298553652829,0.8512891398167994,8.841782981413417
247,2.479999999999991,1.7919393694964483,0.1324117111726082,0.8703806602752593,8.887947091716342
248,2.489999999999991,1.7932006057822636,0.13275406700995518,0.8414883871919301,8.928752800333314
249,2.4999999999999907,1.794432537376911,0.13063172395777656,0.8611169082469132,8.974689731257968
250,2.5099999999999905,1.7956365792234854,0.12867998034198536,0.8802485873347905,9.02084332506638
251,2.5199999999999902,1.7968925737415133,0.12913720518554328,0.8512816035545256,9.061594905215316
252,2.52999999999999,1.7981193430769646,0.12714423657598672,0.8709480629659083,9.107521397876553
253,2.53999999999999,1.7993182663250418,0.1253160480337101,0.890123145411053,9.153662031400017
254,2.5499999999999896,1.800548546574448,0.13083765189367114,0.8779859149253753,9.201851056772284
255,2.5599999999999894,1.8017496633357841,0.12889993550925283,0.8972230905092147,9.247961362707429
256,2.569999999999989,1.8029810789941902,0.13432248809112934,0.8850684433600691,9.296157250064425
257,2.579999999999989,1.804182331387456,0.1322829778000596,0.9043648119441059,9.342238424229436
258,2.5899999999999888,1.8054130887756836,0.13761392875312595,0.8921911527759221,9.390439724433236
259,2.5999999999999885,1.8066129184526762,0.1354796901505324,0.9115439427441743,9.436492936569266
260,2.6099999999999883,1.8078416548613159,0.14072613941243617,0.8993494824862864,9.484698245185427
261,2.619999999999988,1.8090388763796452,0.13850372691376833,0.9187560656464484,9.530724638956599
262,2.629999999999988,1.8102697899868472,0.14611779699771432,0.8937442747301247,9.573344105738215
263,2.6399999999999877,1.8114691909310787,0.1436707429747912,0.9135787614977744,9.619176285224967
264,2.6499999999999875,1.8126977941937275,0.14861908100283472,0.9017711158267048,9.667509248363785
265,2.6599999999999873,1.8138942104066884,0.14610733126028208,0.9216281052104023,9.713328180718236
266,2.669999999999987,1.8151192617845127,0.15100161718874006,0.9097616902909067,9.761652244138531
267,2.679999999999987,1.8163116271621356,0.14842932682222454,0.9296411785653618,9.80745805602055
268,2.6899999999999866,1.8175322043310016,0.15327387267461745,0.9177173811367538,9.855773007380776
269,2.6999999999999864,1.8187197252011424,0.15064486359915463,0.9376194223186758,9.901565799373202
270,2.709999999999986,1.819940281251951,0.15795176766550867,0.9126328125021246,9.944253744441085
271,2.719999999999986,1.8211280504354619,0.15512998343183426,0.9329257446697738,9.989863136666827
272,2.7299999999999858,1.822344637112747,0.1597362355023506,0.9213245871833351,10.038279829430394
273,2.7399999999999856,1.823527886152291,0.15687574154435424,0.9416151724180963,10.083887850749306
274,2.7499999999999853,1.8247447284978415,0.16400648594571976,0.9167674395612266,10.126686492818408
275,2.759999999999985,1.825928413484197,0.16097115689626662,0.937421991246083,10.172119503724389
276,2.769999999999985,1.827080706549742,0.1581171328361961,0.9575990240446117,10.217778282123618
277,2.7799999999999847,1.8282676676329406,0.16526404732576339,0.9325459345600393,10.260454336064868
278,2.7899999999999845,1.8294231423006906,0.16223443124181358,0.9530930768123653,10.305936397868209
279,2.7999999999999843,1.830614154059816,0.169242620577279,0.9282598539612081,10.348763691144995
280,2.809999999999984,1.8317734005857185,0.16605059021821944,0.9491527795216825,10.39407680730801
281,2.819999999999984,1.832933675559773,0.16564313435083022,0.9576224011725571,10.443352339672856
282,2.8299999999999836,1.8340940360758604,0.16528742002992658,0.965910074988642,10.492659201729111
283,2.8399999999999834,1.8352878420420864,0.17224435076786904,0.9409864039516833,10.535442283260636
284,2.849999999999983,1.8364481039561138,0.16897106204851298,0.9619886909968045,10.580699005979113
285,2.859999999999983,1.8376079647937578,0.16848495956946863,0.9705257627538231,10.629962177830748
286,2.869999999999983,1.8388011234794295,0.17536106361512793,0.9456532418153074,10.672788070398383
287,2.8799999999999826,1.8399916714917117,0.17452353820408462,0.9550858025795605,10.721882911282592
288,2.8899999999999824,1.8411789429845742,0.17375648090819595,0.9643008827588346,10.77102019067388
289,2.899999999999982,1.8423623932825501,0.1730565174293588,0.9733076223528769,10.820197077351622
290,2.909999999999982,1.843541578874616,0.17242044919839827,0.9821146351641801,10.869410993414931
291,2.9199999999999817,1.8447508496476408,0.17921372513956157,0.9572225639021781,10.912238737451844
292,2.9299999999999815,1.8459544701639088,0.17824180307070492,0.9669005318901327,10.961283305543475
293,2.9399999999999813,1.8471520898541511,0.17734548902808456,0.9763542821056035,11.010373024153523
294,2.949999999999981,1.848343441123543,0.17652143682789756,0.9855927589705971,11.059504972654395
295,2.959999999999981,1.8495283247593846,0.17576623160130112,0.9946246452054766,11.108676431584172
296,2.9699999999999807,1.8507414312362958,0.18249920487141935,0.9696918695590284,11.15149001579266
297,2.9799999999999804,1.8519471358514836,0.1814205241316813,0.9795731908998278,11.200491776573472
298,2.9899999999999802,1.8531452511231425,0.18042140290344832,0.9892249877921131,11.249540945398621
299,2.99999999999998,1.854335655729628,0.1794982179926592,0.99865612828944,11.298634512233548
300,3.00999999999998,1.855553737273311,0.18613325524347601,0.9738256994060066,11.34152279223781
301,3.0199999999999796,1.8567632885882974,0.18490211257449118,0.9840734337813046,11.39044563646894
302,3.0299999999999794,1.857964187834462,0.18375637148710666,0.9940798513016489,11.439420474576764
303,3.039999999999979,1.8591563742303083,0.18269246222189395,1.0038541990688827,11.488444002228789
304,3.049999999999979,1.8603398362464527,0.1817067369047436,1.013405361900368,11.537513127434067
305,3.0599999999999787,1.86154995534678,0.18832279706111876,0.9884768163210538,11.580347379553132
306,3.0699999999999785,1.8627507830344148,0.18703628214279888,0.9988313631511119,11.629246296244673
307,3.0799999999999783,1.8639422653402669,0.18583679966832278,1.0089430471307423,11.678198216366582
308,3.089999999999978,1.8651244037710673,0.18472053400910227,1.0188209579682734,11.72719980578404
309,3.099999999999978,1.8663330662980218,0.1912654383268091,0.9939554983175185,11.770081626134925
310,3.1099999999999777,1.867531840396232,0.18986045358906267,1.0046101563966658,11.818912757444195
311,3.1199999999999775,1.8687206903730422,0.18854678083880572,1.0150130891597655,11.867800673353486
312,3.1299999999999772,1.8698996364559701,0.1873206059608492,1.0251735725796607,11.91674181621056
313,3.139999999999977,1.8711049455757995,0.1938090404655668,1.0003457420862105,11.959654005127959
314,3.149999999999977,1.8722389230556011,0.2033548267718288,1.0245078166371968,12.002374602365308
315,3.1599999999999766,1.8733666311539015,0.20170029391738353,1.0347715772113588,12.051281576859765
316,3.1699999999999764,1.8745241055192627,0.20782945863174973,1.0099015429041174,12.094222133862786
317,3.179999999999976,1.8756740662169797,0.20592378579749493,1.020903543325403,12.142959164339118
318,3.189999999999976,1.876816204622125,0.2041242923514801,1.0316427897087124,12.191758802044205
319,3.1999999999999758,1.8779503082059734,0.20242685474659083,1.0421287647805002,12.240617135423236
320,3.2099999999999755,1.8791128482126909,0.20855331536586164,1.0172679244897154,12.283563395845704
321,3.2199999999999753,1.8802054378787205,0.21778001006896375,1.0417728077045467,12.32615864451509
322,3.229999999999975,1.8812931436710076,0.21570104965212522,1.0523269658333447,12.374987536924891
323,3.239999999999975,1.8824121776250047,0.22150520979630528,1.0274090075290587,12.417945446330123
324,3.2499999999999747,1.8835248427805207,0.2192051783131319,1.038672443235555,12.466605676221661
325,3.2599999999999745,1.8846307205512423,0.21702242432365892,1.0496663635021832,12.515332901733927
326,3.2699999999999743,1.8857295037968633,0.21495267026330112,1.060400192382076,12.56412299897056
327,3.279999999999974,1.8868577885937459,0.22079721069167135,1.0354705441168335,12.60706864844542
328,3.289999999999974,1.8879168147388565,0.22978867287019966,1.0602546639165666,12.64955248485785
329,3.2999999999999736,1.8889717387808147,0.22737410244735656,1.0710316782242444,12.69831720914226
330,3.3099999999999734,1.8900588413332136,0.23292630630749045,1.046034231538215,12.74126223649364
331,3.319999999999973,1.8911402707467162,0.23031413694116054,1.057497801946738,12.789859926211648
332,3.329999999999973,1.8922155493361104,0.2278275520002353,1.068687706010678,12.83852793823462
333,3.3399999999999728,1.893321943035206,0.23335204715112923,1.0438597209176805,12.881574714439921
334,3.3499999999999726,1.894359677906432,0.24203802807460306,1.069050258713105,12.923882702249102
335,3.3599999999999723,1.8953938758131024,0.23924752254242776,1.080241542065778,12.972533909487538
336,3.369999999999972,1.8964614397051296,0.2445122550634551,1.05532274743382,13.015560766565613
337,3.379999999999972,1.8974626769908691,0.25841900496016024,1.0770432145691302,13.058395316707902
338,3.3899999999999717,1.898462611485368,0.26134812295640586,1.0844888400642958,13.107750704395585
339,3.3999999999999715,1.8994600932754575,0.2642324976550299,1.0918164325303223,13.157126387464814
340,3.4099999999999713,1.9004794231801192,0.2747860792951542,1.064762938523927,13.197829035925679
341,3.419999999999971,1.9014957349119608,0.27715305214951513,1.0730148570037272,13.247086265939288
342,3.429999999999971,1.9025080203366544,0.2794960050305235,1.0811199915951875,13.29636899929028
343,3.4399999999999706,1.9035154701851351,0.28181538497301517,1.0890834366327908,13.345675943302922
344,3.4499999999999704,1.9045174386429973,0.28411154587956844,1.0969100713155058,13.395005872356705
345,3.45999999999997,1.9055134166943168,0.28638466004485963,1.1046045638977375,13.44435765396338
346,3.46999999999997,1.9065030098602238,0.288635055294435,1.1121715248918917,13.493730189162306
347,3.47999999999997,1.9075112802241003,0.29872502735088347,1.0850070433116343,13.534476453321986
348,3.4899999999999696,1.9085138091528275,0.3005010861597839,1.0934727124295023,13.583722246694379
349,3.4999999999999694,1.909510032617505,0.30227261757681845,1.1017838145962742,13.632994519430213
350,3.509999999999969,1.9104995196655805,0.3040392725888523,1.1099455326220777,13.682291934150271
351,3.519999999999969,1.9114819471103695,0.30580075259058503,1.1179629450089124,13.731613205629401
352,3.5299999999999687,1.9124570809221062,0.3075568170679617,1.1258410352638748,13.780957115697674
353,3.5399999999999685,1.9134504655612476,0.31729672732035397,1.098658288585284,13.821776298689656
354,3.5499999999999683,1.914437466197689,0.31861238914279966,1.1074061968720343,13.870987193542533
355,3.559999999999968,1.9154176180852374,0.31993861681985436,1.115989825444558,13.920226724701934
356,3.569999999999968,1.9163905765880747,0.32127467216196237,1.1244146160206583,13.96949340950232
357,3.5799999999999677,1.9173560935151248,0.32261987542005954,1.1326859777218488,14.018785839783959
358,3.5899999999999674,1.918314000619952,0.3239733809532481,1.1408090896329668,14.068102689343505
359,3.5999999999999672,1.91915817764731,0.3344688136057812,1.1749182387611654,14.103122563916259
360,3.609999999999967,1.9198963733320495,0.34498329739290057,1.2087251029333856,14.138428667443804
361,3.619999999999967,1.9205354915199604,0.35551420319097815,1.242224172445276,14.174022080260329
362,3.6299999999999666,1.9210817297742944,0.366059004321869,1.2754103548249986,14.209903320181184
363,3.6399999999999664,1.9215406906257422,0.37661503906565486,1.3082788667998102,14.246072502690367
364,3.649999999999966,1.921893980498681,0.3857890916915494,1.3460787504336622,14.277488870429806
365,3.659999999999966,1.9221481758950325,0.3950180653409916,1.3836418471655634,14.30917201738339
366,3.6699999999999657,1.9223092087619211,0.4043005630301195,1.4209625988623884,14.341124774771743
367,3.6799999999999655,1.9224329804891669,0.4128984901981312,1.4471853754839685,14.38281912158709
368,3.6899999999999653,1.9225201802561327,0.42146781924384413,1.4730753402582195,14.42472680087667
369,3.699999999999965,1.9226768079377883,0.3959221607001382,1.4397985588184383,14.451930846902542
370,3.709999999999965,1.9227995045835906,0.40478971227275906,1.4658133804223326,14.493698928388767
371,3.7199999999999647,1.9228885574800947,0.413623339489277,1.4915032095632341,14.535674828919582
372,3.7299999999999645,1.923048188723293,0.3882439033986884,1.4580979130587366,14.562876947107725
373,3.7399999999999642,1.9231260870077105,0.3980165962057072,1.4949063516578462,14.59527469787281
374,3.749999999999964,1.923177330131748,0.40714280958491145,1.5202175963095215,14.63741766277235
375,3.759999999999964,1.9233031778853145,0.38199659343081294,1.4866214792600658,14.664601364987902
376,3.7699999999999636,1.9233527038755378,0.3920141607450205,1.5232174720040348,14.697164578246884
377,3.7799999999999634,1.923481862201944,0.3670168891476351,1.489542043524125,14.724387487280183
378,3.789999999999963,1.9235394415674085,0.37727800662833033,1.5260742891005066,14.756946442532353
379,3.799999999999963,1.9235787401222664,0.3869766313509899,1.5509913235327986,14.7991963456152
380,3.8099999999999627,1.9236976246858506,0.36218221298622666,1.517140009196737,14.826386602479033
381,3.8199999999999625,1.9237467712266585,0.3726588245408493,1.5534799254855898,14.859091823804192
382,3.8299999999999623,1.9237793542027217,0.3825920801536995,1.5780686649850395,14.901479324209504
383,3.839999999999962,1.9238911698812518,0.35798524691927014,1.5440534453264263,14.928635410848074
384,3.849999999999962,1.9239347812156746,0.3686627987699467,1.5802097122541454,14.96147889632266
385,3.8599999999999617,1.9240680237226795,0.34082699380087433,1.5537374399027613,14.993484638514929
386,3.8699999999999615,1.9241342051858648,0.3518114956023055,1.5897763229331758,15.02635589602869
387,3.8799999999999613,1.924135483022185,0.36282438784110127,1.6255785159191873,15.059475373360328
388,3.889999999999961,1.9242262186102184,0.3351402543412405,1.5979780244997528,15.090648814919405
389,3.899999999999961,1.9242530876274309,0.3464439576418954,1.6336735810509708,15.123785406234674
390,3.9099999999999606,1.924369745360707,0.31895491945761023,1.6059271532467392,15.155001906561665
391,3.9199999999999604,1.9244232026058579,0.33053843490051804,1.6415216873756435,15.18815053801518
392,3.92999999999996,1.9245620212662038,0.2989664170818287,1.6323846268824127,15.225829416769557
393,3.93999999999996,1.9246188016121148,0.3102481625901419,1.671170974837878,15.255296742427163
394,3.9499999999999598,1.9247526621889208,0.27666753157245694,1.6665483137949195,15.292051995056681
395,3.9599999999999596,1.9247963132728019,0.28408153866621433,1.7082208676620212,15.318668044987135
396,3.9699999999999593,1.9249286343381287,0.25350241874548374,1.6843949260546651,15.3502468689112
397,3.979999999999959,1.9249743878302459,0.2612835145482677,1.7259419748916116,15.37695417914074
398,3.989999999999959,1.9251031643706573,0.22838576276990352,1.720212081203499,15.414168186369352
399,3.9999999999999587,1.9251458531182637,0.23663160995783983,1.761556682864466,15.441049639019184
