,t,L2ErrorStateExState,L2NormStateEx,L2NormState,Absu1exu1,Absu2exu2,Absu3exu3,Absu1,Absu2,Absu3,Absu1ex,Absu2ex,Absu3ex
0,0.01,0.10309676769444649,6.071521307554834,6.1211982850135795,18.16322195375509,0.4171798744244905,5.037876832862928,0.048064470291137695,0.07049528509378433,0.052155766636133194,18.115157483463953,0.48767515951827484,5.090032599499061
1,0.02,0.19722777008757617,6.036554081040345,6.132118927486451,16.692408121277705,0.2899872277994033,4.527311036948283,0.06640518642961979,0.16877803206443787,0.0501260447781533,16.626002934848085,0.45876525986384115,4.577437081726436
2,0.03,0.28364665366646874,6.011180666374032,6.149341227584695,15.384507664928517,0.17650428079545072,4.086521646175051,0.03310461901128292,0.2616458684206009,0.06645500916056335,15.351403045917234,0.4381501492160516,4.152976655335614
3,0.04,0.36325492268751347,5.991983746340912,6.169918359787603,14.209563259887155,0.0635329969613267,3.687621113091208,0.022066457197070122,0.3575465455651283,0.09255513618700206,14.187496802690085,0.421079542526455,3.78017624927821
4,0.05,0.4366437372963889,5.977546357457585,6.192837735837749,13.114297002895013,0.05153960556141546,3.3528105394809384,0.017999451141804457,0.4574592635035515,0.09160262567456812,13.096297551753208,0.405919657942136,3.4444131651555066
5,0.060000000000000005,0.5041499683893547,5.9670766133172615,6.217508330526542,12.068483502924146,0.16389591477504467,3.0334950462714603,0.00546099292114377,0.5557339414954185,0.10519947798456997,12.063022510003002,0.3918380267203739,3.1386945242560302
6,0.07,0.5660645768181161,5.960051104617797,6.243644216975535,11.053177474794717,0.2674771678151662,2.781654420069227,0.028050388675183058,0.6457692831754684,0.07743943796958774,11.0812278634699,0.3782921153603023,2.8590938580388148
7,0.08,0.6226347766853092,5.956084322027786,6.2710014132150755,10.072554772014126,0.36326769677765347,2.556459879583672,0.07589445589110255,0.7281248569488525,0.04696812608744949,10.148449227905228,0.36485716017119907,2.6034280056711214
8,0.09,0.6742198222156517,5.954868574161523,6.299419661039468,9.138839924017372,0.4150906545025359,2.4016501608521907,0.12589684454724193,0.7662447355687618,0.030791959376074374,9.264736768564614,0.3511540810662259,2.3708582014761164
9,0.09999999999999999,0.7212628780316227,5.956140552493786,6.328950666316469,8.286232190206912,0.5093874798998245,2.2492032646913427,0.145961110945791,0.8462044708430767,0.08739459759090096,8.432193301152703,0.33681699094325224,2.1618086671004417
10,0.10999999999999999,0.7641297677077523,5.959659239034228,6.35951484079243,7.50660720104469,0.6245536429874965,2.0707245102007654,0.14826341858133674,0.9460341520607471,0.09275439672637731,7.654870619626027,0.3214805090732507,1.977970113474388
11,0.11999999999999998,0.8031839523276295,5.965189198740521,6.39108785104658,6.775445086248126,0.7252494165365923,1.967167146018915,0.16328412806615233,1.0300279594957829,0.14490233280230314,6.938729214314279,0.3047785429591906,1.822264813216612
12,0.12999999999999998,0.8388290565655475,5.972486980731208,6.423623444071379,6.111327111884741,0.8264451332352296,1.8971233522336435,0.1801721747033298,1.1127950809895992,0.1984222783939913,6.291499286588071,0.2863499477543696,1.6987010738396522
13,0.13999999999999999,0.8716215214696992,5.98129000756876,6.457123137881111,5.553078669919565,0.9451221467235957,1.8260961784258372,0.16927913529798388,1.21097007766366,0.21401081432122737,5.722357805217549,0.2658479309400643,1.6120853641046098
14,0.15,0.9021707609396639,5.991308108663114,6.491559759104571,5.108380843094091,1.0607554575571303,1.7723875832691942,0.13301691366359591,1.303706306964159,0.20478943001944572,5.241397756757687,0.24295084940702869,1.5675981532497485
15,0.16,0.9310597854663807,6.002218165591739,6.526942218942471,4.763480637465183,1.179003058509607,1.7754183394523524,0.09543702704831958,1.396375697106123,0.2051466956618242,4.858917664513503,0.2173726385965161,1.5702716437905282
16,0.17,0.9588298041598959,6.013662359178093,6.563108055819346,4.525219693032437,1.2876959549635796,1.7819414651239434,0.05937859741970897,1.4765675999224186,0.15751233248738572,4.584598290452146,0.1888716449588389,1.6244291326365576
17,0.18000000000000002,0.986113895693816,6.025250336942028,6.6000338927504965,4.401808254531954,1.3984948340162224,1.8402937029524373,0.024846966844052076,1.555751945823431,0.10713984369067475,4.426655221376006,0.15725711180720867,1.7331538592617626
18,0.19000000000000003,1.0131910218120876,6.036565327012917,6.637427914998198,4.296232621887753,1.4277183227003658,2.076200492527491,0.09482714114710689,1.5501112979836762,0.178350324917119,4.39105976303486,0.12239297528331043,1.897850167610372
19,0.20000000000000004,1.040795526479404,6.047173876110441,6.674945987988562,4.356834953738371,1.3703198231387803,2.2988821532063684,0.12407365953549743,1.454518769402057,0.18093758163740858,4.4809086132738685,0.08419894626327672,2.1179445715689598
20,0.21000000000000005,1.0699712977779616,6.056638546439476,6.712937000492944,4.640479158787103,1.398082359843274,2.5002038731692777,0.05552078550681472,1.4407314420677722,0.10945057956269011,4.695999944293917,0.0426490822244983,2.3907532936065876
21,0.22000000000000006,1.100742714067243,6.064532623660359,6.751180303419859,4.888303970214326,1.4247763547855596,2.8631624275757908,0.1443415260873735,1.4225445524789393,0.15164179442217574,5.0326454963017,0.0022318023066203777,2.711520633153615
22,0.23000000000000007,1.1337134304757983,6.070455706383978,6.789670022076725,5.254269120298068,1.4521863708230351,3.2734887168737377,0.22945123678073287,1.4018129077740014,0.19987582875182852,5.483720357078801,0.05037346304903383,3.073612888121909
23,0.24000000000000007,1.169800631635386,6.07404898909251,6.828359439897697,5.849602933212409,1.4364483991173336,3.6062903172847283,0.18932534521445632,1.3347815540619195,0.13745237974217162,6.038928278426865,0.1016668450554142,3.4688379375425566
24,0.25000000000000006,1.2092381480967493,6.075009116385419,6.867269828355242,6.454555454995515,1.4232607648862898,4.086410324728451,0.2306875786744058,1.2672892031259835,0.1985583053319715,6.685243033669921,0.15597156176030633,3.88785201939648
25,0.26000000000000006,1.25230985736602,6.07309965952853,6.906481898766129,7.1401163638637595,1.5323430780253215,4.441980439562882,0.26735989889129996,1.3192192395217717,0.12136789871146902,7.407476262755059,0.21312383850354993,4.320612540851413
26,0.2700000000000001,1.2994376328593396,6.068159515523756,6.945833666792895,7.9010585658990795,1.5029642095574212,4.918494133259336,0.28786049922928214,1.2300196369178593,0.16165617195656523,8.188919065128362,0.2729445726395618,4.756837961302771
27,0.2800000000000001,1.3509261988460597,6.060107817134977,6.985378528255728,8.727952895701641,1.4742868347042046,5.389427296978262,0.28405417408794165,1.1390396212227643,0.2029857979505323,9.012007069789583,0.33524721348144026,5.18644149902773
28,0.2900000000000001,1.4068754921038782,6.048945233099878,7.025029701556514,9.589835172277416,1.4400912926162088,5.80703308386599,0.26913006883114576,1.0402460773475468,0.2071199281490408,9.858965241108562,0.3998452152686619,5.5999131557169495
29,0.3000000000000001,1.4673084934876015,6.034751800920548,7.065023789751538,10.420032852691298,1.463990219619682,6.2830856623060525,0.2923647752031684,0.9974313569255173,0.29445265367394313,10.712397627894466,0.4665588626941646,5.988633008632109
30,0.3100000000000001,1.5318751074715713,6.017681649190866,7.1049338067719,11.207755570157639,1.4496381196590173,6.642500776300844,0.3480416042730212,0.9144168091006577,0.2973939254297875,11.55579717443066,0.5352213105583596,6.345106850871057
31,0.3200000000000001,1.6005612091680903,5.997955121381132,7.1449568604379055,12.024149330259009,1.5145093986684837,6.860688450198933,0.3498111042426899,0.9088256815448403,0.19756609195610508,12.373960434501699,0.6056837171236433,6.663122358242828
32,0.3300000000000001,1.6731696678544563,5.9758489062470606,7.184963903707336,12.778885908103614,1.491417110264774,7.1534584483391805,0.37441484921146184,0.8135977247729897,0.2156288176192902,13.153300757315076,0.6778193854917842,6.93782963071989
33,0.34000000000000014,1.749465192996023,5.951684816235219,7.225140919556387,13.5185531694579,1.5668028685665356,7.281993713148031,0.36350759968627244,0.8152760089142248,0.11623965197941288,13.882060769144173,0.7515268596523107,7.165754061168618
34,0.35000000000000014,1.829107563004655,5.925817843438701,7.265684937604199,14.173416151079557,1.7072964305152447,7.386460236592848,0.37701440148521215,0.8805644781095907,0.04170815640827641,14.55043055256477,0.8267319524056541,7.344752080184572
35,0.36000000000000015,1.911646808049937,5.898624073913411,7.306335285490643,14.761448818453982,1.785391807995273,7.41637740766565,0.3891330120386556,0.8820030965143815,0.057544186769519,15.150581830492637,0.9033887114808916,7.473921594435169
36,0.37000000000000016,1.996773091218247,5.8704889668816405,7.347361600724928,15.273630849557604,1.9289797260645414,7.421653163152854,0.40299999073613435,0.9475003682309762,0.13182596123078838,15.676630840293738,0.9814793578335652,7.553479124383642
37,0.38000000000000017,2.0840502384619124,5.8417964159716815,7.388827892669929,15.68513500838586,2.0918985404315595,7.411299968129834,0.43940865353215486,1.0308852844173089,0.1733150557265617,16.124543661918015,1.061013256014251,7.584615023856395
38,0.3900000000000002,2.1729020599019595,5.8129189139907895,7.430516675494614,15.993469623174931,2.2236705797771377,7.3333462526642474,0.4985281835542992,1.08164557965938,0.23599073296645656,16.49199780672923,1.1420250001177579,7.569336985630704
39,0.4000000000000002,2.2630128057503818,5.784209047736049,7.47260459492715,16.23105795023371,2.384256066169014,7.235008999112332,0.5471551950322464,1.1596843466395512,0.27530153101542965,16.778213145265955,1.2245717195294628,7.510310530127762
40,0.4100000000000002,2.3539874826953615,5.75599246009573,7.515113071773905,16.39190196866514,2.548179720136008,7.094920790390548,0.5918620276497677,1.2394499942893162,0.3157827333197929,16.98376399631491,1.3087297258466914,7.410703523710341
41,0.4200000000000002,2.4454384699009917,5.728562336623373,7.5580537511114105,16.47668101025376,2.7140921188873577,6.915348260981691,0.6337016160832718,1.3195014834636822,0.358691860048566,17.11038262633703,1.3945906354236757,7.274040121030257
42,0.4300000000000002,2.5369777681375028,5.702175404964615,7.601430581821889,16.479398396765855,2.8820699967189993,6.709622330523993,0.6813642914639786,1.399812886142172,0.394445642887149,17.160762688229834,1.4822571105768276,7.104067973411142
43,0.4400000000000002,2.628221202901928,5.677049379004115,7.6452245878944085,16.398368007834815,3.0485247040054984,6.484658286533763,0.7400013852166012,1.4766863376135007,0.4199828710989095,17.138369393051416,1.5718383663919977,6.904641157632673
44,0.45000000000000023,2.718852057057071,5.653361735595064,7.68945266153996,16.250474107285434,3.218345171596968,6.233985312060043,0.7967874455498531,1.5548995822900906,0.44563478050986305,17.047261552835288,1.6634455893068776,6.679620092569906
45,0.46000000000000024,2.808583841892094,5.631249679855648,7.734137215122052,16.037261363021358,3.3916810961826833,5.969415956143264,0.8546677577542141,1.634493687772192,0.463372781930957,16.891929120775572,1.7571874084104913,6.432788738074221
46,0.47000000000000025,2.897016095340358,5.610811134450987,7.779072719402606,15.729680574582265,3.5196499942256545,5.723512794618259,0.9474679502891377,1.6664844431215897,0.44427581323543563,16.677148524871402,1.8531655511040648,6.167788607853694
47,0.48000000000000026,2.9840212819284013,5.592106577890703,7.824398286331768,15.41548350402763,3.684649571761396,5.384333926081468,0.9923734563635662,1.7331787698203698,0.5037346352473833,16.407856960391197,1.9514708019410258,5.8880685613288515
48,0.49000000000000027,3.069397582467618,5.575161555306298,7.870170007933685,15.025762660693886,3.8553711912987954,5.1014787117385225,1.0632832172559574,1.8031918235355988,0.4953702353523113,16.089045877949843,2.0521793677631965,5.596848947090834
49,0.5000000000000002,3.153001494345176,5.559969690931257,7.916397235681507,14.618661224486353,4.033341110483077,4.751800093569112,1.1070119451032951,1.8779913760954514,0.5452983342693187,15.725673169589648,2.1553497343876256,5.2970984278384305
50,0.5100000000000002,3.2346978869220355,5.546496043023501,7.9631041499810955,14.169590282301606,4.216508894510456,4.402876090456156,1.1530027176486328,1.9554888136917725,0.5886456072912551,15.322592999950238,2.261020080818683,4.9915216977474115
51,0.5200000000000002,3.3144110090545005,5.534680657684828,8.010311841896817,13.699011481909993,4.4007641676758285,4.037714243315135,1.1854903522180393,2.031557870679535,0.6448420398519374,14.884501834128033,2.3692062969962935,4.682556283167073
52,0.5300000000000002,3.392045937099221,5.5244421964567065,8.058007275424238,13.197219006175521,4.5835075756882855,3.6666464734261073,1.2186799506889656,2.1036069445544854,0.7057301998720504,14.415898956864487,2.4799006311338005,4.372376673298158
53,0.5400000000000003,3.467405655511623,5.515681532354249,8.106051515621083,12.63771650015871,4.748248877321574,3.3009682041125457,1.2833431373583153,2.155177903943695,0.761935934482608,13.921059637517025,2.593070973377879,4.062904138595154
54,0.5500000000000003,3.540413238195573,5.508285228972213,8.154400082424639,12.046869232689236,4.905672728429989,2.940946500363293,1.3571498180972412,2.1970119640463963,0.8148742430494167,13.404019050786477,2.7086607643835925,3.7558207434127096
55,0.5600000000000003,3.6110591760039763,5.502128836508229,8.203084794231328,11.431975502459826,5.069911357026277,2.598409393112856,1.436589592252858,2.243321856134571,0.8541768380091526,12.868565094712684,2.826589500891706,3.4525862311220084
56,0.5700000000000003,3.67937981356138,5.4970799562829695,8.252165258156698,10.799258972967142,5.2440120738871006,2.282879739114205,1.518979364191182,2.2972582780057564,0.8715769034461118,12.318238337158324,2.946753795881344,3.1544566425603167
57,0.5800000000000003,3.745403059688499,5.493001041108939,8.301648361077266,10.154714826846636,5.419808629962049,1.9734475479518712,1.601622627233155,2.350779691361822,0.8890561648295261,11.756337454079791,3.069028938600227,2.8625037127813973
58,0.5900000000000003,3.809200777540264,5.4897519123975,8.351559862168761,9.513761508098574,5.601709037540807,1.647359857343984,1.6721671755658463,2.4084381476277485,0.9302744120941497,11.18592868366442,3.1932708899130593,2.577634269438134
59,0.6000000000000003,3.8708695729400007,5.487191986109969,8.401961712778123,8.864635719328279,5.793484432320028,1.3518198608788596,1.7452222789870575,2.4741657912964,0.9487891626195051,10.609857998315336,3.3193186410236284,2.3006090234983647
60,0.6100000000000003,3.9306913131337295,5.485182208613186,8.453070095383955,8.252337153330199,6.015097759684231,1.0746938496839227,1.7784277285682037,2.5681009009713307,0.9573664460913278,10.030764881898403,3.4469968587129003,2.0320602957752505
61,0.6200000000000003,3.9887614426030367,5.483586710362043,8.504889225883073,7.633231553691052,6.235128702499637,0.8285657214839495,1.8178652311908081,2.6590099647874013,0.9439426372409798,9.45109678488186,3.576118737712236,1.7725083587249293
62,0.6300000000000003,4.045299877943373,5.482274190341523,8.557509803101869,7.043242397642606,6.463545918697213,0.5940022394975031,1.829881111276336,2.757056938135065,0.9283739515230991,8.873123508918942,3.706488980562148,1.5223761910206022
63,0.6400000000000003,4.10042556143939,5.481119047636488,8.610933549608468,6.456412523955146,6.693073301111885,0.3682670920290205,1.842538416502066,2.8551664740080014,0.9137354503036477,8.298950940457212,3.8379068271038834,1.2820025423326682
64,0.6500000000000004,4.154295795734463,5.480002278646748,8.665177652054673,5.881041768686713,6.922239095944988,0.16161040085866896,1.849491938133724,2.9520700365537778,0.8900428871274926,7.730533706820437,3.9701690593912105,1.0516532879861615
65,0.6600000000000004,4.207064661945638,5.478812159604537,8.720254934500447,5.3185798581471975,7.153847622943819,0.04255024061157986,1.851106607588008,3.050774709903635,0.8740813593030907,7.1696864657352055,4.103072913040184,0.8315311186915109
66,0.6700000000000004,4.258878085381652,5.477444734431579,8.776166150030228,4.766874298312213,7.387094466161412,0.24785011738584262,1.8512193609421956,3.1506756335729733,0.8696337780565955,6.618093659254408,4.236418832588439,0.6217836606707529
67,0.6800000000000004,4.309931693634338,5.4758041278102425,8.832934443996741,4.237742471924081,7.619389441205993,0.4360532104932899,1.839575193116616,3.2493764251703396,0.858563368266914,6.077317665040697,4.370013016035653,0.42251015777362416
68,0.6900000000000004,4.360397233136692,5.47380270281425,8.890562118380952,3.7282719327344367,7.8512115797565105,0.6257668849398542,1.8205334294980275,3.347541877650656,0.8595337562146597,5.548805362232464,4.503669702105855,0.23376687127480544
69,0.7000000000000004,4.410435832325035,5.471361081689199,8.949047471472975,3.2326621424601303,8.082743042295068,0.8090375168836174,1.8012310538833844,3.445529879652895,0.8646088835666887,5.033893196343515,4.6372131626421735,0.05557136668307134
70,0.7100000000000004,4.460213797699494,5.468408047493222,9.008391874809087,2.751792357854703,8.31399657530958,0.982120325904144,1.7820185210948694,3.5435172036523,0.870026187680196,4.533810878949573,4.77047937165728,0.11209413822394804
71,0.7200000000000004,4.509892839580989,5.464880343376347,9.068595922311541,2.2836420391111947,8.545465187164904,1.1433958037697534,1.7660418555533397,3.642147855483927,0.8741156116011553,4.049683894664534,4.903317331680978,0.26928019216859805
72,0.7300000000000004,4.559649061122199,5.46072238533683,9.12966265736554,1.8357260550612384,8.775735396478044,1.2953382371543705,1.746808956602763,3.7401453495258465,0.8792701053316705,3.5825350116640013,5.035590046952198,0.4160681318226999
73,0.7400000000000004,4.609649985696303,5.455885903369681,9.191593200719971,1.405475736150641,9.005346133368162,1.4373130259212838,1.7278092682754504,3.8381709918612614,0.8847444720449857,3.1332850044260914,5.167175141506901,0.552568553876298
74,0.7500000000000004,4.660048687275493,5.450329525023753,9.254385628835855,0.9875333664696311,9.235222359945158,1.5685016205184512,1.715219433644961,3.937257231795229,0.8895815198193304,2.702752800114592,5.29796512814993,0.6789201006991208
75,0.7600000000000005,4.710996170601038,5.444018314508697,9.318025963402587,0.5880873166138194,9.462620538987535,1.7038111028386318,1.7035679381733644,4.034753197454847,0.9085226633469574,2.291655254787184,5.4278673415326875,0.7952884394916743
76,0.7700000000000005,4.762654292976989,5.436923279631788,9.382516553139798,0.2087613786245579,9.689010421152918,1.8295021457908693,1.691845375338744,4.132206866168417,0.9276368130813353,1.9006067539633018,5.5568035549845005,0.9018653327095342
77,0.7800000000000005,4.815184090204695,5.429020857986888,9.4478711465142,0.15301320825476306,9.916313235706191,1.933159456210203,1.6831320237761247,4.231603929423727,0.9342917405883782,1.5301188155213616,5.684709306282463,0.9988677156218249
78,0.7900000000000005,4.8687283090798905,5.420292392950861,9.514088737434138,0.49820559975547263,10.142872889184655,2.0266590466427883,1.6788054525313783,4.331339927040972,0.9401223321328871,1.1805998527759056,5.811532962143683,1.0865367145099012
79,0.8000000000000005,4.923433672673019,5.410723609156958,9.58117414307544,0.8227823777326757,10.368506705460835,2.105552352531192,1.6751376108659315,4.431272150599398,0.9404157967946958,0.8523552331332558,5.937234554861438,1.165136555736496
80,0.8100000000000005,4.979416962059261,5.400304096202529,9.649110918919257,1.1335723631439631,10.587869380747879,2.143835998636468,1.6791601071527111,4.526084953569807,0.9088826672814321,0.545587744008748,6.061784427178071,1.234953331355036
81,0.8200000000000005,5.03683772167118,5.389026808406764,9.717921405899672,1.4093471740430132,10.810779921756481,2.207295686346164,1.6697457276677596,4.625618198537268,0.9110020855150651,0.2603985536247464,6.185161723219213,1.2962936008310988
82,0.8300000000000005,5.095813254209738,5.376887587463167,9.787606678476928,1.666700415255418,11.031868039821775,2.2470604621568833,1.6634891459179926,4.72451527568046,0.8975776415027212,0.003211269337425398,6.307352764141315,1.349482820654162
83,0.8400000000000005,5.156455745657652,5.363884713835998,9.858167527977479,1.9022270186045411,11.251724193726997,2.2789058810251817,1.6568883827349055,4.823374846600927,0.8840422769717406,0.2453386358696356,6.42834934712607,1.394863604053441
84,0.8500000000000005,5.218856158592752,5.3500184917380365,9.929593399264144,2.119357157194308,11.467599093165912,2.289351322207237,1.6531814609115827,4.919452087604441,0.8565575005195569,0.4661756962827256,6.5481470055614714,1.4327938216876799
85,0.8600000000000005,5.283120267971522,5.335290871509418,10.001896456342454,2.3120859624437484,11.685452175339154,2.3103209544856753,1.6460794841332245,5.018708908581175,0.8466763933829498,0.6660064783105242,6.666743266757979,1.4636445611027258
86,0.8700000000000006,5.34931574673509,5.3197051122077985,10.075059362700276,2.4862671311942712,11.897373323943421,2.3022376698500935,1.641064211486082,5.1132373824948445,0.8144397018186282,0.8452029197081893,6.784135941448577,1.4877979680314652
87,0.8800000000000006,5.417535768954859,5.3032654862330375,10.149094541560464,2.6328405044006047,12.11218261179571,2.33097016780365,1.6286201781986165,5.211861135088839,0.8253251714340877,1.0042203262019882,6.90032147670687,1.505644996369562
88,0.8900000000000006,5.487826358428674,5.285977026860273,10.223988783257209,2.766506586088159,12.321656023879466,2.310707279092168,1.6229142879528808,5.306362622999586,0.7931241830519866,1.143592298135278,7.015293400879881,1.5175830960401813
89,0.9000000000000006,5.560242248749128,5.267845318659013,10.29974113890846,2.8815200847409965,12.530022022949613,2.2852157862829356,1.617594905423175,5.40098113717977,0.7612019171647262,1.2639251793178212,7.129040885769844,1.5240138691182097
90,0.9100000000000006,5.634848722437855,5.248876329946548,10.376359951393287,2.9703287480386944,12.740343845173284,2.3026369408806087,1.6044366585483658,5.498796397470869,0.7772962161980104,1.3658920894903284,7.241547447702414,1.5253407246825985
91,0.9200000000000006,5.7116172936084775,5.229076285674387,10.45378189776042,3.0537966541699384,12.935025143195695,2.2441522044970865,1.603570046594541,5.58223533781711,0.7221856424293946,1.4502266075753973,7.352789805378586,1.5219665620676919
92,0.9300000000000006,5.7906481146909305,5.208451578486803,10.53207278587711,3.1083627124982973,13.143558120263336,2.2471444911165612,1.5906465358493733,5.6808212116593495,0.7328529804653954,1.517716176648924,7.462736908603985,1.514291510651166
93,0.9400000000000006,5.871895423368064,5.187008715129207,10.611162627550257,3.1524218950790157,13.3349802402395,2.179998893270496,1.5832265915742028,5.763631092035212,0.6772881410724949,1.5691953035048127,7.571349148204288,1.5027107521980012
94,0.9500000000000006,5.955424287111298,5.164754294925929,10.69110370418626,3.176914022319438,13.53657884583286,2.1340163523323348,1.5713753963282215,5.858001092099585,0.646403903112514,1.605538625991216,7.678577753733275,1.4876124492198206
95,0.9600000000000006,6.041242571924998,5.1416950166949595,10.77189178850416,3.184982102663871,13.7361438384852,2.084026278491689,1.5573281824981677,5.951779456459917,0.6146504785574507,1.6276539201657032,7.784364382025283,1.469375799934238
96,0.9700000000000006,6.1293243950393785,5.1178377102207095,10.853494452414814,3.1799329540214356,13.927926825811312,2.0166492952889623,1.5434578370695817,6.03928592952434,0.5682800579525065,1.6364751169518539,7.888640896286972,1.4483692373364558
97,0.9800000000000006,6.2196477992231225,5.0931893882621635,10.935889993873895,3.1629461591378707,14.11445280824245,1.9404094175752462,1.5299907645603525,6.123123475932516,0.5154606308497023,1.6329553945775184,7.9913293323099355,1.424948786725544
98,0.9900000000000007,6.312184123961126,5.067757315027624,11.019054715632786,3.134121250322486,14.295329293276769,1.8563704943126533,1.5160608414953458,6.202987247728743,0.45691390146384947,1.61806040882714,8.092342045548026,1.3994565928488039
99,1.0000000000000007,6.406965685391118,5.041549087091303,11.103033139688085,3.089708918490742,14.484076224504014,1.7888450815673498,1.4969472002630937,6.292494194232859,0.41662545685539953,1.5927617182276481,8.191582030271155,1.3722196247119502
100,1.0100000000000007,6.503853964174251,5.014572722852188,11.187697078534523,3.0473463230606175,14.64700645837386,1.6850576538190476,1.4893158671839046,6.358063058578409,0.34150909070740454,1.558030455876713,8.288943399795452,1.343548563111643
101,1.0200000000000007,6.602817238954483,4.986836756831892,11.273033827030698,2.996075838127302,14.806659100113832,1.579072464608238,1.4812445442585158,6.4223470852011815,0.2653355914808344,1.514831293868786,8.38431201491265,1.3137368731274035
102,1.0300000000000007,6.703815117960562,4.95835033536399,11.359024861972623,2.9375526896091912,14.961878636658115,1.470297571628074,1.4734359492940712,6.484312390559353,0.1872375104285311,1.4641167403151198,8.477566246098762,1.2830600611995429
103,1.0400000000000007,6.806838304577171,4.929123310531843,11.445688453198473,2.8756149801844586,15.119882132420692,1.3649146558347265,1.4687931772714364,6.551304278546013,0.11313954179058783,1.4068218029130222,8.568577853874679,1.2517751140441387
104,1.0500000000000007,6.911859000371586,4.89916632955251,11.53302398041114,2.8077806956789004,15.276612538525965,1.2601893090152545,1.4639216486757505,6.619399567716755,0.04006919448147528,1.3438590470031502,8.65721297080921,1.2201201145337792
105,1.0600000000000007,7.0186617177607475,4.868490917170774,11.620835680194418,2.7473070663972727,15.395388712513524,1.1341457680582177,1.4711929962431896,6.652055544429459,0.05416825975407846,1.2761140701540834,8.743333168084066,1.1883140278122961
106,1.0700000000000007,7.127534285331994,4.837109549007789,11.709445124038407,2.668782038889083,15.574748429899389,1.1299007238499743,1.4643406292816508,6.747951840632595,0.026655925466911867,1.204441409607432,8.826796589266793,1.1565566493168862
107,1.0800000000000007,7.2384331644846265,4.805035714194185,11.798850269115468,2.60367212583897,15.751690260417853,1.073138901758687,1.4740112323706853,6.844231126480736,0.051889803289668635,1.1296608934682844,8.907459133937117,1.1250287050483556
108,1.0900000000000007,7.351323870510833,4.772283965998336,11.889047681110934,2.5364036466872686,15.925892959213822,1.0176383047780848,1.4838492053022492,6.940717285149731,0.07625378857483156,1.0525544413850194,8.985175674064092,1.0938920933529164
109,1.1000000000000008,7.466170147724293,4.738869959529079,11.980033658308583,2.466989102899121,16.097177926525454,0.9631433296766478,1.4931257872303831,7.037376640015282,0.10014692696859129,0.9738633156687379,9.059801286510174,1.0632902566452391
110,1.1100000000000008,7.582930513152914,4.704810475941964,12.071800874997487,2.393238423974434,16.264647976062598,0.9060932683645351,1.4989526045901584,7.133455490344204,0.12725540253450163,0.8942858193842756,9.131192485718396,1.0333486708990367
111,1.1200000000000008,7.701552839947521,4.670123432903791,12.164330302109498,2.288247342932576,16.4252954357744,0.8488967166253507,1.4737719090117025,7.226086994283833,0.15527872371603735,0.8144754339208734,9.199208441490567,1.004175440341388
112,1.1300000000000008,7.82199428922384,4.634827881367115,12.257616375736823,2.183400760992525,16.582576786776073,0.793259543625926,1.4483613760603475,7.318864619010128,0.18260244096745737,0.7350393849321774,9.263712167765947,0.9758619845933834
113,1.1400000000000008,7.944211032860484,4.598943988972379,12.351653315159298,2.079270373902374,16.736353976629815,0.7392459561146314,1.4227327515764046,7.411782307201065,0.20923784936894663,0.6565376223259695,9.324571669428748,0.948483805483578
114,1.1500000000000008,8.068071126175223,4.562493010627464,12.446350414495216,1.992688689492401,16.871141849003443,0.6506367998085111,1.4132064923105645,7.489480813615955,0.2714645210944582,0.5794821971818365,9.381661035387488,0.9221013209029693
115,1.1600000000000008,8.193644911858213,4.525497247012624,12.541813763824502,1.9041509733439175,17.023010983016107,0.6160714402471943,1.399813957272272,7.588149515562691,0.28068931310554035,0.5043370160716455,9.434861467453418,0.8967607533527346
116,1.1700000000000008,8.320884995144535,4.487979991922438,12.63803552651329,1.8166474344192336,17.170623520111327,0.5818328181786329,1.38512948317657,7.686561284237541,0.29066224306006916,0.4315179512426638,9.484062235873784,0.872495061238702
117,1.1800000000000008,8.449696897373816,4.449965469486393,12.73495116245262,1.7426795585800496,17.30436827383793,0.6047840880646301,1.3812862751001376,7.775206720107235,0.24454081340809353,0.3613932834799122,9.529161553730697,0.8493249014727237
118,1.1900000000000008,8.580030837773931,4.4114787624074525,12.832551795005273,1.6711213975401802,17.433667675224456,0.6292671060664752,1.376836944364186,7.8636003114515916,0.19799250646610744,0.29428445317599417,9.570067363772862,0.8272596125325826
119,1.2000000000000008,8.711833563914471,4.372545732425038,12.93082516629651,1.6027137521392225,17.55788714602305,0.6563379925602337,1.3722466579565662,7.95118911343161,0.14996021523256786,0.23046709418265637,9.606698032591437,0.8062982077928016
120,1.2100000000000009,8.84510691931214,4.333192934247945,13.029819399433745,1.5425032582228133,17.687617892498334,0.6589259770972431,1.3723309338456602,8.048634944134392,0.12750439255614765,0.17017232437715316,9.638982948363942,0.7864303696533907
121,1.2200000000000009,8.979801091044845,4.293447524215673,13.129525897549085,1.4981397050652279,17.812841691738292,0.6594932651140389,1.3845514385393471,8.145978672080673,0.10814417063375004,0.11358826652588068,9.666863019657619,0.767637435747789
122,1.2300000000000009,9.115830106973794,4.253337164937196,13.229896347709232,1.4486365708352877,17.926479021559203,0.6847825638189167,1.3877747978913249,8.236187947564758,0.06511080547352321,0.060861772943962944,9.690291073994446,0.7498933692924399
123,1.2400000000000009,9.253143713076991,4.212889927125987,13.330922130627775,1.4024556899700014,18.035553591765805,0.7112899235374938,1.390355362360424,8.326321435743012,0.021875782898860052,0.012100327609577423,9.709232156022793,0.7331657064363538
124,1.2500000000000009,9.391691688595142,4.172134189803232,13.432594584423208,1.3596695530400469,18.140062130024127,0.7389267111367539,1.3922954532681615,8.416398403816856,0.021510236867470667,0.032625900228114714,9.723663726207269,0.7174164742692832
125,1.260000000000001,9.531426355188655,4.131098539979325,13.534917978258877,1.30596856305472,18.241838021468382,0.6868194333572369,1.3792504393859417,8.508262259536423,0.015783640585141256,0.07328187633122175,9.733575761931958,0.7026030739423782
126,1.270000000000001,9.672293242741206,4.089811672850812,13.637868109242268,1.270368048828569,18.33678957581418,0.7173772751075943,1.3802334691063152,8.597818812006153,0.028698150970740244,0.10986542027774622,9.738970763808027,0.6886791241368541
127,1.280000000000001,9.814277768528056,4.04830229346737,13.741479285214439,1.2158851241868074,18.434472759255065,0.6920420235666913,1.3582899707034812,8.694609088473953,0.016446762689156458,0.14240484651667387,9.739863670781112,0.6755952608775349
128,1.290000000000001,9.95733094222562,4.006599020734969,13.845742477185953,1.1649896096895545,18.527614541952957,0.6676951043026768,1.3359461600557552,8.791332853608765,0.004395213880343363,0.17095655036620078,9.736281688344194,0.6632998904223334
129,1.300000000000001,10.101404057848317,3.96473029452787,13.950648460292875,1.1175657590592376,18.6162345844156,0.64420633585043,1.3131683195606456,8.88797054963652,0.007533556810813025,0.19560256050140803,9.728264034779079,0.651739892661243
130,1.310000000000001,10.246244640779729,3.9227242865871594,14.055971672236854,1.0825023374836125,18.663232946223353,0.7125071224798333,1.298950415723084,8.947371335350908,0.07164584935526364,0.21644807823947165,9.715861610872443,0.6408612731245696
131,1.320000000000001,10.391767483409872,3.8806088157876153,14.161682360693627,1.0607555314862323,18.701993950310186,0.6191873228191984,1.2943745541051612,9.002857351326384,0.011422439507441595,0.23361902261892908,9.699136598983802,0.63060976232664
132,1.330000000000001,10.538013386531235,3.8384112682602973,14.267844266810718,1.0396184613353965,18.749831272276392,0.6816802228976296,1.2868780602366314,9.07166927459184,0.06074886114220135,0.24725959890123483,9.678161997684551,0.6209313617554283
133,1.340000000000001,10.684846606161281,3.7961585227665493,14.374373780889863,1.0240756290907336,18.780350345166617,0.589611234286818,1.2816055358052836,9.127329246723093,0.022161602071719244,0.25752990671454995,9.653021098443523,0.6117728363585373
134,1.350000000000001,10.83231561209762,3.753876881630974,14.481341519691627,1.0074279287307577,18.821190726081063,0.6516359866480744,1.2720315313563333,9.197383815073408,0.04855383277754299,0.26460360262557564,9.623806911007655,0.6030821538705314
135,1.360000000000001,10.980329846749342,3.7115920074578836,14.588705866610654,0.9983762647461387,18.852202609007428,0.5668526253475081,1.2670418952257023,9.261581064783968,0.02795624642749317,0.2686656304795636,9.590621544223461,0.5948088717750013
136,1.370000000000001,11.128871343316073,3.6693288657779255,14.696469867842707,0.9841652645064944,18.882027347948263,0.6321612749486029,1.2540752959102974,9.328451798879541,0.04525680185179226,0.26991003140380293,9.553575549068722,0.5869044730968106
137,1.380000000000001,11.27777013638021,3.627111673700055,14.80451051135,0.9831034567221961,18.888336887542152,0.5363987261713643,1.251641300659685,9.375549656921066,0.04292392640491016,0.26853784393748886,9.512787230621086,0.5793226525762745
138,1.390000000000001,11.42704862478016,3.584963854578902,14.912868725687966,0.968436494086954,18.900309081626606,0.6096013052505823,1.233191597428231,9.431927146040834,0.03758175016264431,0.26475510334127705,9.468381935585771,0.572019555087938
139,1.400000000000001,11.576619586936998,3.542907998649115,15.021501662211014,0.9786307864964707,18.90271525505839,0.5162079646352399,1.2374017342590378,9.48222393321339,0.04874600379844196,0.25877094776256704,9.420491321844999,0.5649539684336818
140,1.410000000000001,11.72639419972966,3.500965829526627,15.130336003015739,0.984771698296359,18.891460436720905,0.6009815614982899,1.2355675358921872,9.52220782043878,0.04289408863405697,0.25079583759582813,9.369252616282125,0.5580874728642329
141,1.420000000000001,11.876346417459258,3.4591581764318224,15.239388514678744,1.0116547264181812,18.881139802577472,0.5061895151324429,1.2526946195066557,9.566331935697235,0.045195034734206274,0.2410398930884746,9.314807866880235,0.5513845498666492
142,1.430000000000001,12.026428790522125,3.4175049519512197,15.348626142502377,1.0206590659615848,18.86438554835911,0.5909082783682592,1.2503704199698404,9.607082353555597,0.04609562546829693,0.2297113540082557,9.257303194803512,0.5448126528999623
143,1.440000000000001,12.176618467785746,3.3760251351220734,15.458065573962779,1.0498741486768022,18.848814656528155,0.49659660343351764,1.2668893126901821,9.651926604681648,0.04174563943524845,0.21701516401337995,9.196888051846505,0.5383422428687661
144,1.450000000000001,12.326866917489108,3.334736759598299,15.567670861543462,1.0611435222751138,18.826565880488488,0.5814064879160973,1.2642952035312192,9.69285139220301,0.04945969671825878,0.20315168125610533,9.133714488285475,0.5319467911978385
145,1.460000000000001,12.4771657786082,3.293656906635315,15.677469916855248,1.0917157145125804,18.807674015044803,0.4881485291910671,1.2800312302206294,9.739737579249777,0.037454224220709875,0.188315515708049,9.067936435795028,0.525602753411777
146,1.470000000000001,12.62746106728409,3.252801702616154,15.78741952340156,1.1043530114013653,18.78111999218784,0.5726890575211138,1.2770475041252212,9.781410982483067,0.05339954138617031,0.1726944927238558,8.999709009704773,0.5192895161349435
147,1.480000000000001,12.777751273810761,3.2121863208301056,15.89755115861586,1.1368034561707285,18.75878189303792,0.48027777817043904,1.2932721976321773,9.829594058566727,0.03271154224057682,0.1564687414614487,8.929187834471195,0.5129893204110159
148,1.490000000000001,12.927972201859372,3.171824987208689,16.007809290124936,1.1584951919344129,18.72688263997001,0.565152698061588,1.2983050978873507,9.870354244136252,0.05846553386072628,0.13980990595293782,8.85652839583376,0.5066871642008617
149,1.500000000000001,13.078120812582274,3.1317309897206114,16.118220676517147,1.2012947011903266,18.69865482819245,0.47412293306379716,1.3241751770619885,9.91676940547768,0.026247753790812567,0.12288047587166201,8.781885422714769,0.5003706868546097
150,1.5100000000000011,13.228119488837631,3.0919166911275244,16.22871456911984,1.232152321262658,18.658575427648767,0.5598949597896934,1.337985554629995,9.953163126134314,0.06586492151836865,0.10583323336733716,8.705412301514453,0.49403003827132475
151,1.5200000000000011,13.377883634102734,3.052393544805384,16.339233915444186,1.276964618751906,18.608420325363845,0.46163209082738244,1.3657754304949776,9.981159800314344,0.02602564453263767,0.08881081174307168,8.6272605250495,0.4876577353600201
152,1.5300000000000011,13.527433241466811,3.013172113341159,16.44980345836457,1.2990139299309573,18.56289821023281,0.5490645059099352,1.370959291154577,10.015319032245316,0.06781599760870449,0.07194536122361954,8.547579177987492,0.48124850830123067
153,1.5400000000000011,13.676711922236544,2.9742620896218273,16.56039131534938,1.342573173400929,18.511710005897363,0.45107355573418556,1.397931490013434,10.04519554565195,0.023725583247141913,0.05535831661250521,8.466514460245415,0.4747991389813275
154,1.5500000000000012,13.825735937724357,2.9356723201407644,16.6710167369195,1.3633788200710164,18.464433092554764,0.5381335938209004,1.4025390813258127,10.080223843106069,0.0698252999864053,0.0391602612547963,8.384209249448693,0.4683082938344952
155,1.5600000000000012,13.974457425503909,2.8974108302565114,16.781654161040798,1.3885375608083286,18.41298435145452,0.43731815434448307,1.4119884422179894,10.112181648262776,0.024458198837237433,0.023450881409660805,8.300802703191744,0.4617763531817205
156,1.5700000000000012,14.12284641297429,2.8594848511489004,16.892274345265612,1.4043652592731404,18.35735721777467,0.5265237769036084,1.4126842641635449,10.1409273162717,0.07131853789906017,0.008319004890404474,8.216429901502972,0.45520523900454823
157,1.5800000000000012,14.270767730585138,2.8219008482287897,17.00276229223184,1.4235014744333636,18.282834724675027,0.42059876823926273,1.4173441920793266,10.151613195077516,0.027999474696116522,0.006157282354037083,8.131221529597513,0.44859824293537925
158,1.5900000000000012,14.41813425827015,2.7846645507686216,17.113029432651324,1.444600956951526,18.194323772077947,0.5136562650827929,1.4246905087857158,10.149020171375014,0.07169640899519436,0.019910448165810102,8.045303600702933,0.44195985608759863
159,1.6000000000000012,14.564924347579394,2.747780982532611,17.22307212434032,1.4637608722075324,18.105918576895572,0.40720181804415917,1.4308776110774488,10.147121358430013,0.028093784145312384,0.03288326113008352,7.958797218465559,0.43529560218947155
160,1.6100000000000012,14.711217006598387,2.711254493196697,17.332966705009888,1.4724238294196694,18.031456103869253,0.4996703656114001,1.4273953503361554,10.159637725679204,0.07105849028448574,0.04502847908351399,7.871818378190051,0.42861187532691436
161,1.6200000000000012,14.85691216570192,2.67508879035972,17.442628661918373,1.4890654586767842,17.94357767047308,0.3931197224722625,1.4327569730012328,10.159099864540622,0.02879606097121723,0.05630848567555145,7.784477805932458,0.42191578344347974
162,1.6300000000000012,15.001625601855435,2.63928697195845,17.551671615554188,1.4808746568331947,17.79260460737808,0.4615077068184534,1.4141797754346044,10.095723773119971,0.04629270822624676,0.0666948813985904,7.696880834258108,0.4152149985922066
163,1.6400000000000012,15.14520607200545,2.603851558909987,17.65995448023369,1.4556750625178965,17.619517448515275,0.41587558184168416,1.3795070271371515,10.010390135226771,0.007357967057032511,0.0761680353807451,7.609127313288504,0.40851761478465165
164,1.6500000000000012,15.288177200789008,2.568784527815773,17.768006184113723,1.4662487653754313,17.535681479353297,0.3092899813979578,1.3815321613001288,10.014369923854247,0.0925420327403117,0.08471660407530246,7.521311555499049,0.4018320141382695
165,1.6600000000000013,15.430558708931983,2.5340873435718128,17.875841063062015,1.46370436536069,17.4557143802872,0.40179863496200896,1.3713673425736488,10.022192067699507,0.00663189307670109,0.09233702278704117,7.4335223125876935,0.39516674188530787
166,1.6700000000000013,15.572276612875577,2.4997609917399766,17.983395180174828,1.4986299498090998,17.36570872387277,0.2992582016919109,1.3995969740572036,10.019865941256285,0.08927218898315914,0.09903297575189622,7.3458427826164865,0.38853039067507006
167,1.6800000000000013,15.713392565697097,2.4658060105451103,18.090724582542254,1.4933366060853615,17.286989379081493,0.39165604905418167,1.3885217558490695,10.028638733550906,0.009724554576678202,0.10481485023629195,7.258350645530586,0.38193149447750346
168,1.6900000000000013,15.853584146167842,2.4322225223725282,18.197515357643702,1.5160482137021478,17.15671174018252,0.29662104652772026,1.406349033852166,9.985593615099788,0.07875738575239666,0.10969917984998169,7.171118125082732,0.3753784322801169
169,1.7000000000000013,15.993124773342597,2.3990102646500073,18.304034562729594,1.5083728368691744,17.072977702978893,0.38938619766484345,1.3946647548946203,9.98876562784426,0.02050685600261204,0.11370808197455416,7.0842120751346345,0.3688793416622314
170,1.7100000000000013,16.131609759173525,2.3661686200078496,18.409884336949,1.5237166465716125,16.923824435921222,0.30595382348497707,1.4068479526686133,9.92613034765236,0.05648821874638088,0.11686869390299931,6.997694088268862,0.36244204223135795
171,1.7200000000000013,16.269437094690677,2.3336966456199737,18.515455772598944,1.526004967918959,16.841761747869473,0.399505151178502,1.4067923559523479,9.930141123244539,0.04343118236283772,0.1192126119666111,6.911620624624933,0.3560739688156643
172,1.7300000000000013,16.40621056102938,2.3015931016381748,18.620357104742528,1.5813501119203406,16.694926830342013,0.3352914101432583,1.4605747743225947,9.868883671471849,0.01449070408125408,0.12077533759774589,6.826043158870164,0.3497821142245124
173,1.7400000000000013,16.542171659382678,2.269856478640925,18.724823747639146,1.599293309659167,16.58952584146233,0.4254773376544971,1.4776975757158652,9.848517498234287,0.08190435633878224,0.12159573394330192,6.741008343228041,0.34357298131571484
174,1.7500000000000013,16.677077567028213,2.2384850240272094,18.828616640975316,1.649179914299011,16.445198179084798,0.3566042884471013,1.5274644179917232,9.788639994570985,0.019151744403643534,0.12171549630728778,6.656558184513811,0.33745254404345776
175,1.7600000000000013,16.810888361142126,2.2074767672948634,18.931690184858216,1.7036828655099157,16.29479810546188,0.40096355587622556,1.5825042261458293,9.722067872295156,0.06953733877162449,0.12117863936408631,6.572730233166724,0.3314262171046011
176,1.7700000000000014,16.943643986235355,2.176829544151965,19.03408624542507,1.751169785086227,16.153019078440984,0.330229621783493,1.631138781336631,9.663461296120659,0.004730788030428812,0.12003100374959597,6.489557782320327,0.3254988337530642
177,1.7800000000000014,17.075230524391717,2.146541019418635,19.13568581844308,1.8102581904150177,15.992778341371405,0.3404620109873334,1.6919384061075107,9.58570826635696,0.020787379675311968,0.11831978430750695,6.407070075014445,0.31967463131202145
178,1.7900000000000014,17.205645291752354,2.116608708685421,19.236483689591616,1.868399582645676,15.83325472806146,0.35238500002011536,1.7523065007007972,9.5079622103367,0.038427756138844416,0.11609308194487898,6.32529251772476,0.31395724388127094
179,1.8000000000000014,17.335138055029617,2.087029998703043,19.336730715712033,1.8936329219083308,15.717627183082499,0.25719993944741654,1.780233441171731,9.473380284616724,0.051149762264685705,0.11339948073659978,6.244246898465774,0.30834970171210224
180,1.8100000000000014,17.463827553292568,2.0578021664867703,19.436537301652084,1.9038885538264225,15.622167681034611,0.3496400380895344,1.7936009022123471,9.458216073224321,0.046785601385636255,0.11028765161407535,6.163951607810289,0.30285443670389817
181,1.8200000000000014,17.59160190518307,2.0289223971268595,19.535793966228,1.9291420113308595,15.509554234842398,0.254371670712914,1.822336027649726,9.425132373580709,0.043101622752146795,0.10680598368113346,6.084421861261688,0.2974732934650608
182,1.8300000000000014,17.718582290588717,2.0003878003045252,19.6346135496702,1.9380666255329082,15.417498074581282,0.3473961350755562,1.8350643816120282,9.4118281530682,0.055188589700264856,0.10300224392087988,6.005669921513083,0.29220754537529137
183,1.8400000000000014,17.8446735473119,1.9721954255204968,19.7329028718593,1.9616075382729774,15.310961769757359,0.25048185354764557,1.862684272480692,9.383256450528279,0.03657606153865345,0.0989232657922854,5.92770531922908,0.287057915086299
184,1.8500000000000014,17.969983448387016,1.9443422760505524,19.830761359949335,1.969270552838454,15.222683245184314,0.34410585482411116,1.8746558858729259,9.372148174094036,0.062081255920929834,0.094614666965528,5.8505350710902775,0.2820245989031813
185,1.8600000000000014,18.094427749450503,1.9168253216492783,19.92810638796936,1.992035615840485,15.121617941941077,0.24619881511414515,1.9019150196290866,9.347454047994688,0.03090847938437946,0.09012059621139851,5.774163893946389,0.2771072944985246
186,1.8700000000000014,18.218102533122874,1.8896415100297659,20.025025771942495,1.9989374442080545,15.03681107294548,0.3402982250266453,1.9134539349652187,9.338216658914462,0.06799299360136501,0.08548350924283597,5.698594414031018,0.2723052314252803
187,1.8800000000000014,18.341015639508882,1.8627877771528873,20.1215288683135,2.0151218764762784,14.95462606306617,0.2381057679943786,1.9343779033697501,9.33079869276844,0.029511435917811468,0.08074397310652821,5.623827370297731,0.26761720391219007
188,1.8900000000000015,18.46317869982784,1.8362610563652801,20.217618971450623,2.022505893080307,14.87435605347848,0.33258417825096764,1.9465653945408121,9.324494242435321,0.06954257280449383,0.07594049853949489,5.54986181104316,0.2630416054464738
189,1.9000000000000015,18.58415574977983,1.81005828642998,20.31285891001608,2.0736591607660975,14.721364720262793,0.3058992231165715,2.002549761225964,9.244669437175617,0.047322758444352075,0.07110939954013344,5.476695283087176,0.2585764646722194
190,1.9100000000000015,18.703946537486534,1.784176418498046,20.407244882489845,2.1248080671540954,14.569006564868282,0.27988539583840216,2.0585233878991858,9.164682551985607,0.025665913679404184,0.06628467925490959,5.404324012882674,0.254219482158998
191,1.9200000000000015,18.822927007907865,1.7586124220731878,20.501148635430244,2.2176769308497173,14.479489608060131,0.2637329901012133,2.156178989698674,9.146746529033408,0.013764922478003427,0.061497941151043324,5.332743079026724,0.24996806762320986
192,1.9300000000000015,18.941716865168967,1.733363290024576,20.595186647745624,2.2064728334553894,14.495969682724105,0.307965345152896,2.1496945091239468,9.234023106982931,0.062145967938704416,0.05677832433144268,5.261946575741174,0.24581937721419156
193,1.9400000000000015,19.059700379639587,1.7084260427055276,20.688739473908345,2.2993292125649507,14.407755453462343,0.2910287697910982,2.2471767508141056,9.215827686479315,0.049258419283432886,0.052152461750844904,5.191927766983029,0.24177035050766532
194,1.9500000000000015,19.17756437354101,1.683797731237731,20.782491588953086,2.286320206397261,14.436996075268004,0.30216232620538763,2.238675746386434,9.314316844334826,0.06434457932482474,0.04764446001082688,5.122679230933178,0.2378177468805629
195,1.9600000000000015,19.294625890385586,1.6594754400220024,20.875755515971235,2.379327955067369,14.349906974213695,0.28519802349285467,2.336052055721666,9.295713979518041,0.05123984251986258,0.043275899345703375,5.054192994695653,0.2339581809729921
196,1.9700000000000015,19.41157294941565,1.6354562885373802,20.969217037644135,2.3654161438712373,14.380556232459925,0.29649159172760975,2.3263502915106073,9.394095573341474,0.06630343475262634,0.03906585236062997,4.9864606591184515,0.23018815697498343
197,1.9800000000000015,19.527722034303107,1.611737432490619,21.06218813500732,2.458653846063641,14.294584590468661,0.27948209835661103,2.423622926016833,9.375111076747999,0.05297799684922211,0.03503092004680794,4.919473513720662,0.22650410150738892
198,1.9900000000000015,19.64376213046575,1.5883160643778593,21.15535567375281,2.4439881942590134,14.326603434432535,0.2909124531223425,2.41280291068324,9.473380792653188,0.0680100582248997,0.031185283575773493,4.853222641779346,0.22290239489744282
199,2.0000000000000013,19.759009298686763,1.565189413519539,21.24803124740523,2.5375146076783306,14.241735137647849,0.27384184189422117,2.509973837313737,9.454036121955141,0.054462441214127466,0.02754077036459378,4.7876990156927075,0.2193794006800937
