<?xml version="1.0" encoding="UTF-8"?>
<config xmlns="http://www.knime.org/2008/09/XMLConfig" xmlns:xsi="http://www.w3.org/2001/XMLSchema-instance" xsi:schemaLocation="http://www.knime.org/2008/09/XMLConfig http://www.knime.org/XMLConfig_2008_09.xsd" key="model.xml">
    <entry key="version" type="xint" value="1"/>
    <entry key="class_name" type="xstring" value="org.knime.google.api.data.GoogleApiConnectionPortObjectSpec"/>
    <config key="model">
        <entry key="service_account_email" type="xstring" isnull="true" value=""/>
        <entry key="key_file_location" type="xstring" isnull="true" value=""/>
        <config key="scopes">
            <entry key="array-size" type="xint" value="7"/>
            <entry key="0" type="xstring" value="https://www.googleapis.com/auth/analytics.readonly"/>
            <entry key="1" type="xstring" value="https://www.googleapis.com/auth/spreadsheets.readonly"/>
            <entry key="2" type="xstring" value="https://www.googleapis.com/auth/drive.readonly"/>
            <entry key="3" type="xstring" value="https://www.googleapis.com/auth/spreadsheets"/>
            <entry key="4" type="xstring" value="https://www.googleapis.com/auth/drive.readonly"/>
            <entry key="5" type="xstring" value="https://www.googleapis.com/auth/drive.readonly"/>
            <entry key="6" type="xstring" value="https://www.googleapis.com/auth/drive"/>
        </config>
        <entry key="credentialLocationType" type="xstring" value="MEMORY"/>
        <entry key="credentialLocation" type="xstring" isnull="true" value=""/>
        <entry key="storedCredential" type="xstring" isnull="true" value=""/>
        <entry key="clientIdFile" type="xstring" isnull="true" value=""/>
        <config key="knimeScopes">
            <entry key="array-size" type="xint" value="5"/>
            <entry key="0" type="xstring" value="GoogleAnalyticsRead"/>
            <entry key="1" type="xstring" value="GoogleSheetsRead"/>
            <entry key="2" type="xstring" value="GoogleSheetsReadWrite"/>
            <entry key="3" type="xstring" value="GoogleDriveRead"/>
            <entry key="4" type="xstring" value="GoogleDriveReadWrite"/>
        </config>
    </config>
</config>
